2026-01-31 16:01:01 | WARNING  | scanner | pysnmp not available - SNMP polling disabled
2026-01-31 16:01:01 | WARNING  | scanner | SNMPPoller initialized but pysnmp is not installed
2026-01-31 16:01:02 | WARNING  | scanner | pysnmp not available - SNMP polling disabled
2026-01-31 16:01:02 | WARNING  | scanner | SNMPPoller initialized but pysnmp is not installed
2026-01-31 16:21:47 | INFO     | scanner | Starting scan of 192.168.1.0/24 (254 hosts)
2026-01-31 16:22:18 | INFO     | scanner | Starting scan of 192.168.179.5/24 (254 hosts)
2026-01-31 16:22:38 | INFO     | scanner | Starting scan of 192.168.179.0/24 (254 hosts)
2026-01-31 16:22:45 | INFO     | scanner | Scan complete: 5/254 hosts reachable in 58.01s
2026-01-31 16:23:23 | INFO     | scanner | Scan complete: 34/254 hosts reachable in 64.92s
2026-01-31 16:23:40 | INFO     | scanner | Scan complete: 15/254 hosts reachable in 62.44s
2026-01-31 16:26:07 | INFO     | scanner | Starting scan of 192.168.179.0/24 (254 hosts)
2026-01-31 16:27:01 | INFO     | scanner | Scan complete: 202/254 hosts reachable in 53.30s
2026-01-31 16:27:02 | WARNING  | scanner | pysnmp not available - SNMP polling disabled
2026-01-31 16:27:02 | WARNING  | scanner | SNMPPoller initialized but pysnmp is not installed
2026-01-31 16:27:46 | WARNING  | scanner | pysnmp not available - SNMP polling disabled
2026-01-31 16:27:46 | WARNING  | scanner | SNMPPoller initialized but pysnmp is not installed
2026-01-31 16:28:06 | WARNING  | scanner | pysnmp not available - SNMP polling disabled
2026-01-31 16:28:06 | WARNING  | scanner | SNMPPoller initialized but pysnmp is not installed
2026-01-31 16:29:21 | WARNING  | scanner | pysnmp not available - SNMP polling disabled
2026-01-31 16:29:21 | WARNING  | scanner | SNMPPoller initialized but pysnmp is not installed
2026-01-31 16:51:55 | WARNING  | scanner | pysnmp not available - SNMP polling disabled
2026-01-31 16:51:55 | WARNING  | scanner | SNMPPoller initialized but pysnmp is not installed
2026-01-31 16:52:56 | WARNING  | scanner | pysnmp not available - SNMP polling disabled
2026-01-31 16:52:56 | WARNING  | scanner | SNMPPoller initialized but pysnmp is not installed
2026-01-31 16:52:58 | WARNING  | scanner | pysnmp not available - SNMP polling disabled
2026-01-31 16:52:58 | WARNING  | scanner | SNMPPoller initialized but pysnmp is not installed
2026-01-31 16:53:40 | WARNING  | scanner | pysnmp not available - SNMP polling disabled
2026-01-31 16:53:40 | WARNING  | scanner | SNMPPoller initialized but pysnmp is not installed
2026-01-31 16:54:20 | WARNING  | scanner | pysnmp not available - SNMP polling disabled
2026-01-31 16:54:20 | WARNING  | scanner | SNMPPoller initialized but pysnmp is not installed
2026-01-31 16:54:22 | WARNING  | scanner | pysnmp not available - SNMP polling disabled
2026-01-31 16:54:22 | WARNING  | scanner | SNMPPoller initialized but pysnmp is not installed
2026-01-31 16:54:51 | WARNING  | scanner | pysnmp not available - SNMP polling disabled
2026-01-31 16:54:51 | WARNING  | scanner | SNMPPoller initialized but pysnmp is not installed
2026-01-31 16:57:18 | WARNING  | scanner | pysnmp not available - SNMP polling disabled
2026-01-31 16:57:18 | WARNING  | scanner | SNMPPoller initialized but pysnmp is not installed
2026-01-31 16:58:04 | INFO     | scanner | Discovered 127.0.0.1: MAC=None, Vendor=None, OS=Windows, Ports=0
2026-01-31 17:02:25 | WARNING  | scanner | pysnmp not available - SNMP polling disabled
2026-01-31 17:02:25 | WARNING  | scanner | SNMPPoller initialized but pysnmp is not installed
2026-01-31 17:02:26 | WARNING  | scanner | pysnmp not available - SNMP polling disabled
2026-01-31 17:02:26 | WARNING  | scanner | SNMPPoller initialized but pysnmp is not installed
2026-01-31 17:04:22 | WARNING  | scanner | pysnmp not available - SNMP polling disabled
2026-01-31 17:04:22 | WARNING  | scanner | SNMPPoller initialized but pysnmp is not installed
2026-01-31 17:04:22 | WARNING  | scanner | pysnmp not available - SNMP polling disabled
2026-01-31 17:04:22 | WARNING  | scanner | SNMPPoller initialized but pysnmp is not installed
2026-01-31 17:05:02 | INFO     | scanner | Starting subnet discovery: 192.168.1.0/24
2026-01-31 17:05:02 | INFO     | scanner | Starting scan of 192.168.1.0/24 (254 hosts)
2026-01-31 17:05:41 | INFO     | scanner | Scan complete: 4/254 hosts reachable in 39.39s
2026-01-31 17:05:46 | INFO     | scanner | NEW: 192.168.1.6 (no hostname) latency=0.0ms loss=0%
2026-01-31 17:05:46 | INFO     | scanner | NEW: 192.168.1.1 (RTKGW.bbrouter) latency=0.0ms loss=0%
2026-01-31 17:05:46 | INFO     | scanner | NEW: 192.168.1.3 (V2413.bbrouter) latency=4.0ms loss=0%
2026-01-31 17:05:46 | INFO     | scanner | NEW: 192.168.1.2 (moto-pad-60-pro.bbrouter) latency=419.0ms loss=0%
2026-01-31 17:05:46 | INFO     | scanner | Discovery complete: 4 new, 0 updated, 250 unreachable
2026-01-31 17:06:22 | INFO     | scanner | Discovered 192.168.1.6: MAC=None, Vendor=None, OS=Windows, Ports=4
2026-01-31 17:06:26 | INFO     | scanner | Discovered 192.168.1.1: MAC=None, Vendor=None, OS=Windows, Ports=2
2026-01-31 17:06:33 | INFO     | scanner | Discovered 192.168.1.1: MAC=None, Vendor=None, OS=Windows, Ports=2
2026-01-31 17:06:38 | INFO     | scanner | Discovered 192.168.1.3: MAC=None, Vendor=None, OS=Windows, Ports=0
2026-01-31 17:06:41 | INFO     | scanner | Discovered 192.168.1.3: MAC=None, Vendor=None, OS=Windows, Ports=0
2026-01-31 17:07:01 | INFO     | scanner | Starting health check on 4 devices
2026-01-31 17:07:01 | INFO     | scanner | Health check on 4 devices
2026-01-31 17:07:03 | INFO     | scanner | Discovered 192.168.1.6: MAC=None, Vendor=None, OS=Windows, Ports=4
2026-01-31 17:07:05 | INFO     | scanner | Health check complete: 3/4 UP
2026-01-31 17:07:54 | WARNING  | scanner | pysnmp not available - SNMP polling disabled
2026-01-31 17:07:54 | WARNING  | scanner | SNMPPoller initialized but pysnmp is not installed
2026-01-31 17:08:07 | WARNING  | scanner | pysnmp not available - SNMP polling disabled
2026-01-31 17:08:07 | WARNING  | scanner | SNMPPoller initialized but pysnmp is not installed
2026-01-31 17:08:07 | WARNING  | scanner | pysnmp not available - SNMP polling disabled
2026-01-31 17:08:07 | WARNING  | scanner | SNMPPoller initialized but pysnmp is not installed
2026-01-31 17:09:20 | INFO     | scanner | Starting subnet discovery: 192.168.1.179/24
2026-01-31 17:09:20 | INFO     | scanner | Starting scan of 192.168.1.179/24 (254 hosts)
2026-01-31 17:10:00 | INFO     | scanner | Scan complete: 4/254 hosts reachable in 39.50s
2026-01-31 17:10:00 | INFO     | scanner | NEW: 192.168.1.1 (RTKGW.bbrouter) latency=0.0ms loss=0%
2026-01-31 17:10:00 | INFO     | scanner | NEW: 192.168.1.3 (V2413.bbrouter) latency=8.0ms loss=0%
2026-01-31 17:10:05 | INFO     | scanner | NEW: 192.168.1.6 (no hostname) latency=0.0ms loss=0%
2026-01-31 17:10:05 | INFO     | scanner | NEW: 192.168.1.2 (moto-pad-60-pro.bbrouter) latency=419.0ms loss=0%
2026-01-31 17:10:05 | INFO     | scanner | Discovery complete: 4 new, 0 updated, 250 unreachable
2026-01-31 17:10:34 | INFO     | scanner | Discovered 192.168.1.2: MAC=None, Vendor=None, OS=Windows, Ports=0
2026-01-31 17:10:42 | WARNING  | scanner | pysnmp not available - SNMP polling disabled
2026-01-31 17:10:42 | WARNING  | scanner | SNMPPoller initialized but pysnmp is not installed
2026-01-31 17:10:43 | INFO     | scanner | Starting health check on 4 devices
2026-01-31 17:10:43 | INFO     | scanner | Health check on 4 devices
2026-01-31 17:10:46 | INFO     | scanner | Health check complete: 4/4 UP
2026-01-31 17:10:46 | INFO     | scanner | Health check complete: 4 UP, 0 DOWN, 0 DEGRADED, 1 alerts in 3.19s
2026-01-31 17:11:46 | INFO     | scanner | Starting health check on 4 devices
2026-01-31 17:11:46 | INFO     | scanner | Health check on 4 devices
2026-01-31 17:11:50 | INFO     | scanner | Health check complete: 3/4 UP
2026-01-31 17:11:50 | INFO     | scanner | Health check complete: 4 UP, 0 DOWN, 0 DEGRADED, 0 alerts in 4.62s
2026-01-31 17:12:01 | WARNING  | scanner | pysnmp not available - SNMP polling disabled
2026-01-31 17:12:01 | WARNING  | scanner | SNMPPoller initialized but pysnmp is not installed
2026-01-31 17:12:02 | WARNING  | scanner | pysnmp not available - SNMP polling disabled
2026-01-31 17:12:02 | WARNING  | scanner | SNMPPoller initialized but pysnmp is not installed
2026-01-31 17:12:02 | INFO     | scanner | Starting health check on 4 devices
2026-01-31 17:12:02 | INFO     | scanner | Health check on 4 devices
2026-01-31 17:12:06 | INFO     | scanner | Health check complete: 4/4 UP
2026-01-31 17:12:06 | INFO     | scanner | Health check complete: 4 UP, 0 DOWN, 0 DEGRADED, 0 alerts in 3.29s
2026-01-31 17:13:06 | WARNING  | scanner | pysnmp not available - SNMP polling disabled
2026-01-31 17:13:06 | WARNING  | scanner | SNMPPoller initialized but pysnmp is not installed
2026-01-31 17:13:07 | INFO     | scanner | Starting health check on 4 devices
2026-01-31 17:13:07 | INFO     | scanner | Health check on 4 devices
2026-01-31 17:13:10 | INFO     | scanner | Health check complete: 4/4 UP
2026-01-31 17:13:10 | INFO     | scanner | Health check complete: 4 UP, 0 DOWN, 0 DEGRADED, 0 alerts in 3.28s
2026-01-31 17:13:40 | WARNING  | scanner | pysnmp not available - SNMP polling disabled
2026-01-31 17:13:40 | WARNING  | scanner | SNMPPoller initialized but pysnmp is not installed
2026-01-31 17:13:40 | INFO     | scanner | Starting health check on 4 devices
2026-01-31 17:13:40 | INFO     | scanner | Health check on 4 devices
2026-01-31 17:13:44 | INFO     | scanner | Health check complete: 4/4 UP
2026-01-31 17:13:44 | INFO     | scanner | Health check complete: 4 UP, 0 DOWN, 0 DEGRADED, 0 alerts in 3.55s
2026-01-31 17:13:55 | WARNING  | scanner | pysnmp not available - SNMP polling disabled
2026-01-31 17:13:55 | WARNING  | scanner | SNMPPoller initialized but pysnmp is not installed
2026-01-31 17:14:21 | WARNING  | scanner | pysnmp not available - SNMP polling disabled
2026-01-31 17:14:21 | WARNING  | scanner | SNMPPoller initialized but pysnmp is not installed
2026-01-31 17:15:53 | WARNING  | scanner | pysnmp not available - SNMP polling disabled
2026-01-31 17:15:53 | WARNING  | scanner | SNMPPoller initialized but pysnmp is not installed
2026-01-31 17:16:43 | WARNING  | scanner | pysnmp not available - SNMP polling disabled
2026-01-31 17:16:43 | WARNING  | scanner | SNMPPoller initialized but pysnmp is not installed
2026-01-31 17:16:44 | WARNING  | scanner | pysnmp not available - SNMP polling disabled
2026-01-31 17:16:44 | WARNING  | scanner | SNMPPoller initialized but pysnmp is not installed
2026-01-31 17:16:44 | INFO     | scanner | Starting health check on 4 devices
2026-01-31 17:16:44 | INFO     | scanner | Health check on 4 devices
2026-01-31 17:16:47 | INFO     | scanner | Health check complete: 4/4 UP
2026-01-31 17:16:47 | INFO     | scanner | Health check complete: 4 UP, 0 DOWN, 0 DEGRADED, 0 alerts in 3.14s
2026-01-31 17:17:47 | INFO     | scanner | Starting health check on 4 devices
2026-01-31 17:17:47 | INFO     | scanner | Health check on 4 devices
2026-01-31 17:17:52 | INFO     | scanner | Health check complete: 3/4 UP
2026-01-31 17:17:52 | INFO     | scanner | Health check complete: 4 UP, 0 DOWN, 0 DEGRADED, 0 alerts in 4.89s
2026-01-31 17:18:52 | INFO     | scanner | Starting health check on 4 devices
2026-01-31 17:18:52 | INFO     | scanner | Health check on 4 devices
2026-01-31 17:18:56 | INFO     | scanner | Health check complete: 4/4 UP
2026-01-31 17:18:56 | INFO     | scanner | Health check complete: 4 UP, 0 DOWN, 0 DEGRADED, 0 alerts in 3.38s
2026-01-31 17:19:56 | INFO     | scanner | Starting health check on 4 devices
2026-01-31 17:19:56 | INFO     | scanner | Health check on 4 devices
2026-01-31 17:19:59 | INFO     | scanner | Health check complete: 4/4 UP
2026-01-31 17:19:59 | INFO     | scanner | Health check complete: 4 UP, 0 DOWN, 0 DEGRADED, 0 alerts in 3.37s
2026-01-31 17:20:59 | INFO     | scanner | Starting health check on 4 devices
2026-01-31 17:20:59 | INFO     | scanner | Health check on 4 devices
2026-01-31 17:21:02 | INFO     | scanner | Health check complete: 4/4 UP
2026-01-31 17:21:02 | INFO     | scanner | Health check complete: 4 UP, 0 DOWN, 0 DEGRADED, 0 alerts in 3.14s
2026-01-31 17:22:02 | INFO     | scanner | Starting health check on 4 devices
2026-01-31 17:22:02 | INFO     | scanner | Health check on 4 devices
2026-01-31 17:22:06 | INFO     | scanner | Health check complete: 4/4 UP
2026-01-31 17:22:06 | INFO     | scanner | Health check complete: 4 UP, 0 DOWN, 0 DEGRADED, 0 alerts in 3.40s
2026-01-31 17:23:06 | INFO     | scanner | Starting health check on 4 devices
2026-01-31 17:23:06 | INFO     | scanner | Health check on 4 devices
2026-01-31 17:23:09 | INFO     | scanner | Health check complete: 4/4 UP
2026-01-31 17:23:09 | INFO     | scanner | Health check complete: 4 UP, 0 DOWN, 0 DEGRADED, 0 alerts in 3.25s
2026-01-31 17:24:09 | INFO     | scanner | Starting health check on 4 devices
2026-01-31 17:24:09 | INFO     | scanner | Health check on 4 devices
2026-01-31 17:24:12 | INFO     | scanner | Health check complete: 4/4 UP
2026-01-31 17:24:12 | INFO     | scanner | Health check complete: 4 UP, 0 DOWN, 0 DEGRADED, 0 alerts in 3.15s
2026-01-31 17:25:12 | INFO     | scanner | Starting health check on 4 devices
2026-01-31 17:25:12 | INFO     | scanner | Health check on 4 devices
2026-01-31 17:25:16 | INFO     | scanner | Health check complete: 4/4 UP
2026-01-31 17:25:16 | INFO     | scanner | Health check complete: 4 UP, 0 DOWN, 0 DEGRADED, 0 alerts in 3.38s
2026-01-31 17:26:16 | INFO     | scanner | Starting health check on 4 devices
2026-01-31 17:26:16 | INFO     | scanner | Health check on 4 devices
2026-01-31 17:26:19 | INFO     | scanner | Health check complete: 4/4 UP
2026-01-31 17:26:19 | INFO     | scanner | Health check complete: 4 UP, 0 DOWN, 0 DEGRADED, 0 alerts in 3.38s
2026-01-31 17:26:38 | WARNING  | scanner | pysnmp not available - SNMP polling disabled
2026-01-31 17:26:38 | WARNING  | scanner | SNMPPoller initialized but pysnmp is not installed
2026-01-31 17:26:39 | INFO     | scanner | Starting health check on 4 devices
2026-01-31 17:26:39 | INFO     | scanner | Health check on 4 devices
2026-01-31 17:26:42 | INFO     | scanner | Health check complete: 4/4 UP
2026-01-31 17:26:42 | INFO     | scanner | Health check complete: 4 UP, 0 DOWN, 0 DEGRADED, 0 alerts in 3.14s
2026-01-31 17:26:48 | WARNING  | scanner | pysnmp not available - SNMP polling disabled
2026-01-31 17:26:48 | WARNING  | scanner | SNMPPoller initialized but pysnmp is not installed
2026-01-31 17:26:48 | INFO     | scanner | Starting health check on 4 devices
2026-01-31 17:26:48 | INFO     | scanner | Health check on 4 devices
2026-01-31 17:26:51 | INFO     | scanner | Health check complete: 4/4 UP
2026-01-31 17:26:51 | INFO     | scanner | Health check complete: 4 UP, 0 DOWN, 0 DEGRADED, 0 alerts in 3.26s
2026-01-31 17:27:51 | INFO     | scanner | Starting health check on 4 devices
2026-01-31 17:27:51 | INFO     | scanner | Health check on 4 devices
2026-01-31 17:27:55 | INFO     | scanner | Health check complete: 4/4 UP
2026-01-31 17:27:55 | INFO     | scanner | Health check complete: 4 UP, 0 DOWN, 0 DEGRADED, 0 alerts in 3.29s
2026-01-31 17:28:17 | WARNING  | scanner | pysnmp not available - SNMP polling disabled
2026-01-31 17:28:17 | WARNING  | scanner | SNMPPoller initialized but pysnmp is not installed
2026-01-31 17:28:17 | INFO     | scanner | Starting health check on 4 devices
2026-01-31 17:28:17 | INFO     | scanner | Health check on 4 devices
2026-01-31 17:28:21 | INFO     | scanner | Health check complete: 4/4 UP
2026-01-31 17:28:21 | INFO     | scanner | Health check complete: 4 UP, 0 DOWN, 0 DEGRADED, 0 alerts in 3.51s
2026-01-31 17:29:16 | WARNING  | scanner | pysnmp not available - SNMP polling disabled
2026-01-31 17:29:16 | WARNING  | scanner | SNMPPoller initialized but pysnmp is not installed
2026-01-31 17:29:17 | INFO     | scanner | Starting health check on 4 devices
2026-01-31 17:29:17 | INFO     | scanner | Health check on 4 devices
2026-01-31 17:29:20 | INFO     | scanner | Health check complete: 4/4 UP
2026-01-31 17:29:20 | INFO     | scanner | Health check complete: 4 UP, 0 DOWN, 0 DEGRADED, 0 alerts in 3.17s
2026-01-31 17:29:35 | WARNING  | scanner | pysnmp not available - SNMP polling disabled
2026-01-31 17:29:35 | WARNING  | scanner | SNMPPoller initialized but pysnmp is not installed
2026-01-31 17:29:35 | INFO     | scanner | Starting health check on 4 devices
2026-01-31 17:29:35 | INFO     | scanner | Health check on 4 devices
2026-01-31 17:29:39 | INFO     | scanner | Health check complete: 4/4 UP
2026-01-31 17:29:39 | INFO     | scanner | Health check complete: 4 UP, 0 DOWN, 0 DEGRADED, 0 alerts in 3.34s
2026-01-31 17:30:39 | INFO     | scanner | Starting health check on 4 devices
2026-01-31 17:30:39 | INFO     | scanner | Health check on 4 devices
2026-01-31 17:30:42 | INFO     | scanner | Health check complete: 4/4 UP
2026-01-31 17:30:42 | INFO     | scanner | Health check complete: 4 UP, 0 DOWN, 0 DEGRADED, 0 alerts in 3.46s
2026-01-31 17:31:42 | INFO     | scanner | Starting health check on 4 devices
2026-01-31 17:31:42 | INFO     | scanner | Health check on 4 devices
2026-01-31 17:31:46 | INFO     | scanner | Health check complete: 4/4 UP
2026-01-31 17:31:46 | INFO     | scanner | Health check complete: 4 UP, 0 DOWN, 0 DEGRADED, 0 alerts in 3.48s
2026-01-31 17:31:56 | WARNING  | scanner | pysnmp not available - SNMP polling disabled
2026-01-31 17:31:56 | WARNING  | scanner | SNMPPoller initialized but pysnmp is not installed
2026-01-31 17:31:57 | WARNING  | scanner | pysnmp not available - SNMP polling disabled
2026-01-31 17:31:57 | WARNING  | scanner | SNMPPoller initialized but pysnmp is not installed
2026-01-31 17:31:57 | INFO     | scanner | Starting health check on 4 devices
2026-01-31 17:31:57 | INFO     | scanner | Health check on 4 devices
2026-01-31 17:32:01 | INFO     | scanner | Health check complete: 4/4 UP
2026-01-31 17:32:01 | INFO     | scanner | Health check complete: 4 UP, 0 DOWN, 0 DEGRADED, 0 alerts in 3.34s
2026-01-31 17:33:01 | INFO     | scanner | Starting health check on 4 devices
2026-01-31 17:33:01 | INFO     | scanner | Health check on 4 devices
2026-01-31 17:33:04 | INFO     | scanner | Health check complete: 4/4 UP
2026-01-31 17:33:04 | INFO     | scanner | Health check complete: 4 UP, 0 DOWN, 0 DEGRADED, 0 alerts in 3.36s
2026-01-31 17:34:04 | INFO     | scanner | Starting health check on 4 devices
2026-01-31 17:34:04 | INFO     | scanner | Health check on 4 devices
2026-01-31 17:34:07 | INFO     | scanner | Health check complete: 4/4 UP
2026-01-31 17:34:07 | INFO     | scanner | Health check complete: 4 UP, 0 DOWN, 0 DEGRADED, 1 alerts in 3.33s
2026-01-31 17:35:07 | INFO     | scanner | Starting health check on 4 devices
2026-01-31 17:35:07 | INFO     | scanner | Health check on 4 devices
2026-01-31 17:35:10 | INFO     | scanner | Health check complete: 4/4 UP
2026-01-31 17:35:10 | INFO     | scanner | Health check complete: 4 UP, 0 DOWN, 0 DEGRADED, 0 alerts in 3.19s
2026-01-31 17:36:10 | INFO     | scanner | Starting health check on 4 devices
2026-01-31 17:36:10 | INFO     | scanner | Health check on 4 devices
2026-01-31 17:36:14 | INFO     | scanner | Health check complete: 4/4 UP
2026-01-31 17:36:14 | INFO     | scanner | Health check complete: 4 UP, 0 DOWN, 0 DEGRADED, 0 alerts in 3.36s
2026-01-31 17:37:14 | INFO     | scanner | Starting health check on 4 devices
2026-01-31 17:37:14 | INFO     | scanner | Health check on 4 devices
2026-01-31 17:37:17 | INFO     | scanner | Health check complete: 4/4 UP
2026-01-31 17:37:17 | INFO     | scanner | Health check complete: 4 UP, 0 DOWN, 0 DEGRADED, 0 alerts in 3.45s
2026-01-31 17:38:17 | INFO     | scanner | Starting health check on 4 devices
2026-01-31 17:38:17 | INFO     | scanner | Health check on 4 devices
2026-01-31 17:38:21 | INFO     | scanner | Health check complete: 4/4 UP
2026-01-31 17:38:21 | INFO     | scanner | Health check complete: 4 UP, 0 DOWN, 0 DEGRADED, 0 alerts in 3.22s
2026-01-31 17:39:21 | INFO     | scanner | Starting health check on 4 devices
2026-01-31 17:39:21 | INFO     | scanner | Health check on 4 devices
2026-01-31 17:39:26 | INFO     | scanner | Health check complete: 3/4 UP
2026-01-31 17:39:26 | INFO     | scanner | Health check complete: 4 UP, 0 DOWN, 0 DEGRADED, 0 alerts in 4.95s
2026-01-31 17:40:26 | INFO     | scanner | Starting health check on 4 devices
2026-01-31 17:40:26 | INFO     | scanner | Health check on 4 devices
2026-01-31 17:40:29 | INFO     | scanner | Health check complete: 4/4 UP
2026-01-31 17:40:29 | INFO     | scanner | Health check complete: 4 UP, 0 DOWN, 0 DEGRADED, 0 alerts in 3.26s
2026-01-31 17:41:29 | INFO     | scanner | Starting health check on 4 devices
2026-01-31 17:41:29 | INFO     | scanner | Health check on 4 devices
2026-01-31 17:41:32 | INFO     | scanner | Health check complete: 4/4 UP
2026-01-31 17:41:32 | INFO     | scanner | Health check complete: 4 UP, 0 DOWN, 0 DEGRADED, 0 alerts in 3.18s
2026-01-31 17:42:32 | INFO     | scanner | Starting health check on 4 devices
2026-01-31 17:42:32 | INFO     | scanner | Health check on 4 devices
2026-01-31 17:42:35 | INFO     | scanner | Health check complete: 4/4 UP
2026-01-31 17:42:35 | INFO     | scanner | Health check complete: 4 UP, 0 DOWN, 0 DEGRADED, 0 alerts in 3.37s
2026-01-31 17:43:35 | INFO     | scanner | Starting health check on 4 devices
2026-01-31 17:43:35 | INFO     | scanner | Health check on 4 devices
2026-01-31 17:43:39 | INFO     | scanner | Health check complete: 4/4 UP
2026-01-31 17:43:39 | INFO     | scanner | Health check complete: 4 UP, 0 DOWN, 0 DEGRADED, 0 alerts in 3.33s
2026-01-31 17:44:39 | INFO     | scanner | Starting health check on 4 devices
2026-01-31 17:44:39 | INFO     | scanner | Health check on 4 devices
2026-01-31 17:44:42 | INFO     | scanner | Health check complete: 4/4 UP
2026-01-31 17:44:42 | INFO     | scanner | Health check complete: 4 UP, 0 DOWN, 0 DEGRADED, 0 alerts in 3.39s
2026-01-31 17:45:42 | INFO     | scanner | Starting health check on 4 devices
2026-01-31 17:45:42 | INFO     | scanner | Health check on 4 devices
2026-01-31 17:45:46 | INFO     | scanner | Health check complete: 4/4 UP
2026-01-31 17:45:46 | INFO     | scanner | Health check complete: 4 UP, 0 DOWN, 0 DEGRADED, 0 alerts in 3.37s
2026-01-31 17:46:46 | INFO     | scanner | Starting health check on 4 devices
2026-01-31 17:46:46 | INFO     | scanner | Health check on 4 devices
2026-01-31 17:46:49 | INFO     | scanner | Health check complete: 4/4 UP
2026-01-31 17:46:49 | INFO     | scanner | Health check complete: 4 UP, 0 DOWN, 0 DEGRADED, 0 alerts in 3.37s
2026-01-31 17:47:49 | INFO     | scanner | Starting health check on 4 devices
2026-01-31 17:47:49 | INFO     | scanner | Health check on 4 devices
2026-01-31 17:47:52 | INFO     | scanner | Health check complete: 4/4 UP
2026-01-31 17:47:52 | INFO     | scanner | Health check complete: 4 UP, 0 DOWN, 0 DEGRADED, 0 alerts in 3.17s
2026-01-31 17:48:52 | INFO     | scanner | Starting health check on 4 devices
2026-01-31 17:48:52 | INFO     | scanner | Health check on 4 devices
2026-01-31 17:48:55 | INFO     | scanner | Health check complete: 4/4 UP
2026-01-31 17:48:55 | INFO     | scanner | Health check complete: 4 UP, 0 DOWN, 0 DEGRADED, 0 alerts in 3.37s
2026-01-31 17:49:56 | INFO     | scanner | Starting health check on 4 devices
2026-01-31 17:49:56 | INFO     | scanner | Health check on 4 devices
2026-01-31 17:49:59 | INFO     | scanner | Health check complete: 4/4 UP
2026-01-31 17:49:59 | INFO     | scanner | Health check complete: 4 UP, 0 DOWN, 0 DEGRADED, 0 alerts in 3.13s
2026-01-31 17:50:59 | INFO     | scanner | Starting health check on 4 devices
2026-01-31 17:50:59 | INFO     | scanner | Health check on 4 devices
2026-01-31 17:51:02 | INFO     | scanner | Health check complete: 4/4 UP
2026-01-31 17:51:02 | INFO     | scanner | Health check complete: 4 UP, 0 DOWN, 0 DEGRADED, 0 alerts in 3.28s
2026-01-31 17:52:02 | INFO     | scanner | Starting health check on 4 devices
2026-01-31 17:52:02 | INFO     | scanner | Health check on 4 devices
2026-01-31 17:52:05 | INFO     | scanner | Health check complete: 4/4 UP
2026-01-31 17:52:05 | INFO     | scanner | Health check complete: 4 UP, 0 DOWN, 0 DEGRADED, 0 alerts in 3.14s
2026-01-31 17:53:05 | INFO     | scanner | Starting health check on 4 devices
2026-01-31 17:53:05 | INFO     | scanner | Health check on 4 devices
2026-01-31 17:53:09 | INFO     | scanner | Health check complete: 4/4 UP
2026-01-31 17:53:09 | INFO     | scanner | Health check complete: 4 UP, 0 DOWN, 0 DEGRADED, 0 alerts in 3.38s
2026-01-31 17:54:09 | INFO     | scanner | Starting health check on 4 devices
2026-01-31 17:54:09 | INFO     | scanner | Health check on 4 devices
2026-01-31 17:54:12 | INFO     | scanner | Health check complete: 4/4 UP
2026-01-31 17:54:12 | INFO     | scanner | Health check complete: 4 UP, 0 DOWN, 0 DEGRADED, 0 alerts in 3.35s
2026-01-31 17:55:12 | INFO     | scanner | Starting health check on 4 devices
2026-01-31 17:55:12 | INFO     | scanner | Health check on 4 devices
2026-01-31 17:55:15 | INFO     | scanner | Health check complete: 4/4 UP
2026-01-31 17:55:15 | INFO     | scanner | Health check complete: 4 UP, 0 DOWN, 0 DEGRADED, 0 alerts in 3.15s
2026-01-31 17:56:15 | INFO     | scanner | Starting health check on 4 devices
2026-01-31 17:56:15 | INFO     | scanner | Health check on 4 devices
2026-01-31 17:56:18 | INFO     | scanner | Health check complete: 4/4 UP
2026-01-31 17:56:18 | INFO     | scanner | Health check complete: 4 UP, 0 DOWN, 0 DEGRADED, 0 alerts in 3.16s
2026-01-31 17:57:18 | INFO     | scanner | Starting health check on 4 devices
2026-01-31 17:57:18 | INFO     | scanner | Health check on 4 devices
2026-01-31 17:57:22 | INFO     | scanner | Health check complete: 4/4 UP
2026-01-31 17:57:22 | INFO     | scanner | Health check complete: 4 UP, 0 DOWN, 0 DEGRADED, 0 alerts in 3.46s
2026-01-31 17:58:22 | INFO     | scanner | Starting health check on 4 devices
2026-01-31 17:58:22 | INFO     | scanner | Health check on 4 devices
2026-01-31 17:58:25 | INFO     | scanner | Health check complete: 4/4 UP
2026-01-31 17:58:25 | INFO     | scanner | Health check complete: 4 UP, 0 DOWN, 0 DEGRADED, 0 alerts in 3.48s
2026-01-31 17:59:25 | INFO     | scanner | Starting health check on 4 devices
2026-01-31 17:59:25 | INFO     | scanner | Health check on 4 devices
2026-01-31 17:59:28 | INFO     | scanner | Health check complete: 4/4 UP
2026-01-31 17:59:28 | INFO     | scanner | Health check complete: 4 UP, 0 DOWN, 0 DEGRADED, 0 alerts in 3.25s
2026-01-31 18:00:29 | INFO     | scanner | Starting health check on 4 devices
2026-01-31 18:00:29 | INFO     | scanner | Health check on 4 devices
2026-01-31 18:00:32 | INFO     | scanner | Health check complete: 4/4 UP
2026-01-31 18:00:32 | INFO     | scanner | Health check complete: 4 UP, 0 DOWN, 0 DEGRADED, 0 alerts in 3.59s
2026-01-31 18:01:32 | INFO     | scanner | Starting health check on 4 devices
2026-01-31 18:01:32 | INFO     | scanner | Health check on 4 devices
2026-01-31 18:01:36 | INFO     | scanner | Health check complete: 4/4 UP
2026-01-31 18:01:36 | INFO     | scanner | Health check complete: 4 UP, 0 DOWN, 0 DEGRADED, 0 alerts in 3.45s
2026-01-31 18:02:36 | INFO     | scanner | Starting health check on 4 devices
2026-01-31 18:02:36 | INFO     | scanner | Health check on 4 devices
2026-01-31 18:02:39 | INFO     | scanner | Health check complete: 4/4 UP
2026-01-31 18:02:39 | INFO     | scanner | Health check complete: 4 UP, 0 DOWN, 0 DEGRADED, 0 alerts in 3.26s
2026-01-31 18:03:39 | INFO     | scanner | Starting health check on 4 devices
2026-01-31 18:03:39 | INFO     | scanner | Health check on 4 devices
2026-01-31 18:03:42 | INFO     | scanner | Health check complete: 4/4 UP
2026-01-31 18:03:42 | INFO     | scanner | Health check complete: 4 UP, 0 DOWN, 0 DEGRADED, 0 alerts in 3.15s
2026-01-31 18:04:42 | INFO     | scanner | Starting health check on 4 devices
2026-01-31 18:04:42 | INFO     | scanner | Health check on 4 devices
2026-01-31 18:04:47 | INFO     | scanner | Health check complete: 3/4 UP
2026-01-31 18:04:47 | INFO     | scanner | Health check complete: 4 UP, 0 DOWN, 0 DEGRADED, 0 alerts in 4.73s
2026-01-31 18:05:47 | INFO     | scanner | Starting health check on 4 devices
2026-01-31 18:05:47 | INFO     | scanner | Health check on 4 devices
2026-01-31 18:05:50 | INFO     | scanner | Health check complete: 4/4 UP
2026-01-31 18:05:50 | INFO     | scanner | Health check complete: 4 UP, 0 DOWN, 0 DEGRADED, 0 alerts in 3.53s
2026-01-31 18:06:50 | INFO     | scanner | Starting health check on 4 devices
2026-01-31 18:06:50 | INFO     | scanner | Health check on 4 devices
2026-01-31 18:06:54 | INFO     | scanner | Health check complete: 4/4 UP
2026-01-31 18:06:54 | INFO     | scanner | Health check complete: 4 UP, 0 DOWN, 0 DEGRADED, 0 alerts in 3.36s
2026-01-31 18:07:54 | INFO     | scanner | Starting health check on 4 devices
2026-01-31 18:07:54 | INFO     | scanner | Health check on 4 devices
2026-01-31 18:07:57 | INFO     | scanner | Health check complete: 4/4 UP
2026-01-31 18:07:57 | INFO     | scanner | Health check complete: 4 UP, 0 DOWN, 0 DEGRADED, 0 alerts in 3.20s
2026-01-31 18:08:57 | INFO     | scanner | Starting health check on 4 devices
2026-01-31 18:08:57 | INFO     | scanner | Health check on 4 devices
2026-01-31 18:09:00 | INFO     | scanner | Health check complete: 4/4 UP
2026-01-31 18:09:00 | INFO     | scanner | Health check complete: 4 UP, 0 DOWN, 0 DEGRADED, 0 alerts in 3.36s
2026-01-31 18:10:00 | INFO     | scanner | Starting health check on 4 devices
2026-01-31 18:10:00 | INFO     | scanner | Health check on 4 devices
2026-01-31 18:10:04 | INFO     | scanner | Health check complete: 4/4 UP
2026-01-31 18:10:04 | INFO     | scanner | Health check complete: 4 UP, 0 DOWN, 0 DEGRADED, 0 alerts in 3.13s
2026-01-31 18:11:04 | INFO     | scanner | Starting health check on 4 devices
2026-01-31 18:11:04 | INFO     | scanner | Health check on 4 devices
2026-01-31 18:11:07 | INFO     | scanner | Health check complete: 4/4 UP
2026-01-31 18:11:07 | INFO     | scanner | Health check complete: 4 UP, 0 DOWN, 0 DEGRADED, 0 alerts in 3.29s
2026-01-31 18:12:07 | INFO     | scanner | Starting health check on 4 devices
2026-01-31 18:12:07 | INFO     | scanner | Health check on 4 devices
2026-01-31 18:12:10 | INFO     | scanner | Health check complete: 4/4 UP
2026-01-31 18:12:10 | INFO     | scanner | Health check complete: 4 UP, 0 DOWN, 0 DEGRADED, 0 alerts in 3.27s
2026-01-31 18:13:10 | INFO     | scanner | Starting health check on 4 devices
2026-01-31 18:13:10 | INFO     | scanner | Health check on 4 devices
2026-01-31 18:13:13 | INFO     | scanner | Health check complete: 4/4 UP
2026-01-31 18:13:13 | INFO     | scanner | Health check complete: 4 UP, 0 DOWN, 0 DEGRADED, 0 alerts in 3.18s
2026-01-31 18:14:13 | INFO     | scanner | Starting health check on 4 devices
2026-01-31 18:14:13 | INFO     | scanner | Health check on 4 devices
2026-01-31 18:14:17 | INFO     | scanner | Health check complete: 4/4 UP
2026-01-31 18:14:17 | INFO     | scanner | Health check complete: 4 UP, 0 DOWN, 0 DEGRADED, 1 alerts in 3.25s
2026-01-31 18:15:17 | INFO     | scanner | Starting health check on 4 devices
2026-01-31 18:15:17 | INFO     | scanner | Health check on 4 devices
2026-01-31 18:15:20 | INFO     | scanner | Health check complete: 4/4 UP
2026-01-31 18:15:20 | INFO     | scanner | Health check complete: 4 UP, 0 DOWN, 0 DEGRADED, 0 alerts in 3.27s
2026-01-31 18:16:20 | INFO     | scanner | Starting health check on 4 devices
2026-01-31 18:16:20 | INFO     | scanner | Health check on 4 devices
2026-01-31 18:16:23 | INFO     | scanner | Health check complete: 4/4 UP
2026-01-31 18:16:23 | INFO     | scanner | Health check complete: 4 UP, 0 DOWN, 0 DEGRADED, 0 alerts in 3.26s
2026-01-31 18:17:23 | INFO     | scanner | Starting health check on 4 devices
2026-01-31 18:17:23 | INFO     | scanner | Health check on 4 devices
2026-01-31 18:17:27 | INFO     | scanner | Health check complete: 4/4 UP
2026-01-31 18:17:27 | INFO     | scanner | Health check complete: 4 UP, 0 DOWN, 0 DEGRADED, 0 alerts in 3.58s
2026-01-31 18:18:27 | INFO     | scanner | Starting health check on 4 devices
2026-01-31 18:18:27 | INFO     | scanner | Health check on 4 devices
2026-01-31 18:18:30 | INFO     | scanner | Health check complete: 4/4 UP
2026-01-31 18:18:30 | INFO     | scanner | Health check complete: 4 UP, 0 DOWN, 0 DEGRADED, 0 alerts in 3.25s
2026-01-31 18:19:30 | INFO     | scanner | Starting health check on 4 devices
2026-01-31 18:19:30 | INFO     | scanner | Health check on 4 devices
2026-01-31 18:19:33 | INFO     | scanner | Health check complete: 4/4 UP
2026-01-31 18:19:33 | INFO     | scanner | Health check complete: 4 UP, 0 DOWN, 0 DEGRADED, 0 alerts in 3.37s
2026-01-31 18:20:33 | INFO     | scanner | Starting health check on 4 devices
2026-01-31 18:20:33 | INFO     | scanner | Health check on 4 devices
2026-01-31 18:20:38 | INFO     | scanner | Health check complete: 3/4 UP
2026-01-31 18:20:38 | INFO     | scanner | Health check complete: 4 UP, 0 DOWN, 0 DEGRADED, 0 alerts in 4.89s
2026-01-31 18:21:38 | INFO     | scanner | Starting health check on 4 devices
2026-01-31 18:21:38 | INFO     | scanner | Health check on 4 devices
2026-01-31 18:21:42 | INFO     | scanner | Health check complete: 4/4 UP
2026-01-31 18:21:42 | INFO     | scanner | Health check complete: 4 UP, 0 DOWN, 0 DEGRADED, 0 alerts in 3.28s
2026-01-31 18:22:42 | INFO     | scanner | Starting health check on 4 devices
2026-01-31 18:22:42 | INFO     | scanner | Health check on 4 devices
2026-01-31 18:22:45 | INFO     | scanner | Health check complete: 4/4 UP
2026-01-31 18:22:45 | INFO     | scanner | Health check complete: 4 UP, 0 DOWN, 0 DEGRADED, 0 alerts in 3.37s
2026-01-31 18:23:45 | INFO     | scanner | Starting health check on 4 devices
2026-01-31 18:23:45 | INFO     | scanner | Health check on 4 devices
2026-01-31 18:23:49 | INFO     | scanner | Health check complete: 4/4 UP
2026-01-31 18:23:49 | INFO     | scanner | Health check complete: 4 UP, 0 DOWN, 0 DEGRADED, 0 alerts in 3.55s
2026-01-31 18:24:49 | INFO     | scanner | Starting health check on 4 devices
2026-01-31 18:24:49 | INFO     | scanner | Health check on 4 devices
2026-01-31 18:24:52 | INFO     | scanner | Health check complete: 4/4 UP
2026-01-31 18:24:52 | INFO     | scanner | Health check complete: 4 UP, 0 DOWN, 0 DEGRADED, 0 alerts in 3.27s
2026-01-31 18:25:52 | INFO     | scanner | Starting health check on 4 devices
2026-01-31 18:25:52 | INFO     | scanner | Health check on 4 devices
2026-01-31 18:25:55 | INFO     | scanner | Health check complete: 4/4 UP
2026-01-31 18:25:55 | INFO     | scanner | Health check complete: 4 UP, 0 DOWN, 0 DEGRADED, 0 alerts in 3.37s
2026-01-31 18:26:55 | INFO     | scanner | Starting health check on 4 devices
2026-01-31 18:26:55 | INFO     | scanner | Health check on 4 devices
2026-01-31 18:26:59 | INFO     | scanner | Health check complete: 4/4 UP
2026-01-31 18:26:59 | INFO     | scanner | Health check complete: 4 UP, 0 DOWN, 0 DEGRADED, 1 alerts in 3.35s
2026-01-31 18:27:59 | INFO     | scanner | Starting health check on 4 devices
2026-01-31 18:27:59 | INFO     | scanner | Health check on 4 devices
2026-01-31 18:28:02 | INFO     | scanner | Health check complete: 4/4 UP
2026-01-31 18:28:02 | INFO     | scanner | Health check complete: 4 UP, 0 DOWN, 0 DEGRADED, 0 alerts in 3.36s
2026-01-31 18:29:02 | INFO     | scanner | Starting health check on 4 devices
2026-01-31 18:29:02 | INFO     | scanner | Health check on 4 devices
2026-01-31 18:29:05 | INFO     | scanner | Health check complete: 4/4 UP
2026-01-31 18:29:05 | INFO     | scanner | Health check complete: 4 UP, 0 DOWN, 0 DEGRADED, 0 alerts in 3.15s
2026-01-31 18:30:05 | INFO     | scanner | Starting health check on 4 devices
2026-01-31 18:30:05 | INFO     | scanner | Health check on 4 devices
2026-01-31 18:30:08 | INFO     | scanner | Health check complete: 4/4 UP
2026-01-31 18:30:09 | INFO     | scanner | Health check complete: 4 UP, 0 DOWN, 0 DEGRADED, 0 alerts in 3.30s
2026-01-31 18:31:09 | INFO     | scanner | Starting health check on 4 devices
2026-01-31 18:31:09 | INFO     | scanner | Health check on 4 devices
2026-01-31 18:31:12 | INFO     | scanner | Health check complete: 4/4 UP
2026-01-31 18:31:12 | INFO     | scanner | Health check complete: 4 UP, 0 DOWN, 0 DEGRADED, 0 alerts in 3.26s
2026-01-31 18:32:12 | INFO     | scanner | Starting health check on 4 devices
2026-01-31 18:32:12 | INFO     | scanner | Health check on 4 devices
2026-01-31 18:32:15 | INFO     | scanner | Health check complete: 4/4 UP
2026-01-31 18:32:15 | INFO     | scanner | Health check complete: 4 UP, 0 DOWN, 0 DEGRADED, 0 alerts in 3.58s
2026-02-01 12:54:16 | INFO     | scanner | Starting health check on 4 devices
2026-02-01 12:54:16 | INFO     | scanner | Health check on 4 devices
2026-02-01 12:54:19 | INFO     | scanner | Health check complete: 4/4 UP
2026-02-01 12:54:19 | INFO     | scanner | Health check complete: 4 UP, 0 DOWN, 0 DEGRADED, 0 alerts in 3.13s
2026-02-01 12:55:19 | INFO     | scanner | Starting health check on 4 devices
2026-02-01 12:55:19 | INFO     | scanner | Health check on 4 devices
2026-02-01 12:55:23 | INFO     | scanner | Health check complete: 4/4 UP
2026-02-01 12:55:23 | INFO     | scanner | Health check complete: 4 UP, 0 DOWN, 0 DEGRADED, 0 alerts in 3.42s
2026-02-01 12:56:23 | INFO     | scanner | Starting health check on 4 devices
2026-02-01 12:56:23 | INFO     | scanner | Health check on 4 devices
2026-02-01 12:56:26 | INFO     | scanner | Health check complete: 4/4 UP
2026-02-01 12:56:26 | INFO     | scanner | Health check complete: 4 UP, 0 DOWN, 0 DEGRADED, 0 alerts in 3.37s
2026-02-01 12:57:26 | INFO     | scanner | Starting health check on 4 devices
2026-02-01 12:57:26 | INFO     | scanner | Health check on 4 devices
2026-02-01 12:57:30 | INFO     | scanner | Health check complete: 4/4 UP
2026-02-01 12:57:30 | INFO     | scanner | Health check complete: 4 UP, 0 DOWN, 0 DEGRADED, 0 alerts in 3.66s
2026-02-01 12:58:30 | INFO     | scanner | Starting health check on 4 devices
2026-02-01 12:58:30 | INFO     | scanner | Health check on 4 devices
2026-02-01 12:58:33 | INFO     | scanner | Health check complete: 4/4 UP
2026-02-01 12:58:33 | INFO     | scanner | Health check complete: 4 UP, 0 DOWN, 0 DEGRADED, 0 alerts in 3.57s
2026-02-01 12:59:33 | INFO     | scanner | Starting health check on 4 devices
2026-02-01 12:59:33 | INFO     | scanner | Health check on 4 devices
2026-02-01 12:59:36 | INFO     | scanner | Health check complete: 4/4 UP
2026-02-01 12:59:36 | INFO     | scanner | Health check complete: 4 UP, 0 DOWN, 0 DEGRADED, 0 alerts in 3.17s
2026-02-01 13:00:36 | INFO     | scanner | Starting health check on 4 devices
2026-02-01 13:00:36 | INFO     | scanner | Health check on 4 devices
2026-02-01 13:00:40 | INFO     | scanner | Health check complete: 4/4 UP
2026-02-01 13:00:40 | INFO     | scanner | Health check complete: 4 UP, 0 DOWN, 0 DEGRADED, 0 alerts in 3.45s
2026-02-01 13:01:40 | INFO     | scanner | Starting health check on 4 devices
2026-02-01 13:01:40 | INFO     | scanner | Health check on 4 devices
2026-02-01 13:01:43 | INFO     | scanner | Health check complete: 4/4 UP
2026-02-01 13:01:43 | INFO     | scanner | Health check complete: 4 UP, 0 DOWN, 0 DEGRADED, 0 alerts in 3.37s
2026-02-01 13:02:43 | INFO     | scanner | Starting health check on 4 devices
2026-02-01 13:02:43 | INFO     | scanner | Health check on 4 devices
2026-02-01 13:02:47 | INFO     | scanner | Health check complete: 4/4 UP
2026-02-01 13:02:47 | INFO     | scanner | Health check complete: 4 UP, 0 DOWN, 0 DEGRADED, 0 alerts in 3.37s
2026-02-01 13:03:47 | INFO     | scanner | Starting health check on 4 devices
2026-02-01 13:03:47 | INFO     | scanner | Health check on 4 devices
2026-02-01 13:03:50 | INFO     | scanner | Health check complete: 4/4 UP
2026-02-01 13:03:50 | INFO     | scanner | Health check complete: 4 UP, 0 DOWN, 0 DEGRADED, 0 alerts in 3.45s
2026-02-01 13:03:59 | WARNING  | scanner | pysnmp not available - SNMP polling disabled
2026-02-01 13:03:59 | WARNING  | scanner | SNMPPoller initialized but pysnmp is not installed
2026-02-01 13:03:59 | INFO     | scanner | Starting health check on 4 devices
2026-02-01 13:03:59 | INFO     | scanner | Health check on 4 devices
2026-02-01 13:04:03 | INFO     | scanner | Health check complete: 4/4 UP
2026-02-01 13:04:03 | INFO     | scanner | Health check complete: 4 UP, 0 DOWN, 0 DEGRADED, 0 alerts in 3.38s
2026-02-01 13:04:14 | WARNING  | scanner | pysnmp not available - SNMP polling disabled
2026-02-01 13:04:14 | WARNING  | scanner | SNMPPoller initialized but pysnmp is not installed
2026-02-01 13:04:14 | INFO     | scanner | Starting health check on 4 devices
2026-02-01 13:04:14 | INFO     | scanner | Health check on 4 devices
2026-02-01 13:04:19 | INFO     | scanner | Health check complete: 3/4 UP
2026-02-01 13:04:19 | INFO     | scanner | Health check complete: 4 UP, 0 DOWN, 0 DEGRADED, 0 alerts in 5.08s
2026-02-01 13:04:33 | WARNING  | scanner | pysnmp not available - SNMP polling disabled
2026-02-01 13:04:33 | WARNING  | scanner | SNMPPoller initialized but pysnmp is not installed
2026-02-01 13:04:33 | INFO     | scanner | Starting health check on 4 devices
2026-02-01 13:04:33 | INFO     | scanner | Health check on 4 devices
2026-02-01 13:04:37 | INFO     | scanner | Health check complete: 4/4 UP
2026-02-01 13:04:37 | INFO     | scanner | Health check complete: 4 UP, 0 DOWN, 0 DEGRADED, 0 alerts in 3.43s
2026-02-01 13:04:42 | WARNING  | scanner | pysnmp not available - SNMP polling disabled
2026-02-01 13:04:42 | WARNING  | scanner | SNMPPoller initialized but pysnmp is not installed
2026-02-01 13:04:54 | WARNING  | scanner | pysnmp not available - SNMP polling disabled
2026-02-01 13:04:54 | WARNING  | scanner | SNMPPoller initialized but pysnmp is not installed
2026-02-01 13:04:54 | INFO     | scanner | Starting health check on 4 devices
2026-02-01 13:04:54 | INFO     | scanner | Health check on 4 devices
2026-02-01 13:04:58 | INFO     | scanner | Health check complete: 4/4 UP
2026-02-01 13:04:58 | INFO     | scanner | Health check complete: 4 UP, 0 DOWN, 0 DEGRADED, 0 alerts in 3.55s
2026-02-01 13:05:58 | INFO     | scanner | Starting health check on 4 devices
2026-02-01 13:05:58 | INFO     | scanner | Health check on 4 devices
2026-02-01 13:06:01 | INFO     | scanner | Health check complete: 4/4 UP
2026-02-01 13:06:01 | INFO     | scanner | Health check complete: 4 UP, 0 DOWN, 0 DEGRADED, 0 alerts in 3.38s
2026-02-01 13:07:01 | INFO     | scanner | Starting health check on 4 devices
2026-02-01 13:07:01 | INFO     | scanner | Health check on 4 devices
2026-02-01 13:07:04 | INFO     | scanner | Health check complete: 4/4 UP
2026-02-01 13:07:04 | INFO     | scanner | Health check complete: 4 UP, 0 DOWN, 0 DEGRADED, 0 alerts in 3.25s
2026-02-01 13:08:04 | INFO     | scanner | Starting health check on 4 devices
2026-02-01 13:08:04 | INFO     | scanner | Health check on 4 devices
2026-02-01 13:08:08 | INFO     | scanner | Health check complete: 4/4 UP
2026-02-01 13:08:08 | INFO     | scanner | Health check complete: 4 UP, 0 DOWN, 0 DEGRADED, 0 alerts in 3.60s
2026-02-01 13:09:08 | INFO     | scanner | Starting health check on 4 devices
2026-02-01 13:09:08 | INFO     | scanner | Health check on 4 devices
2026-02-01 13:09:11 | INFO     | scanner | Health check complete: 4/4 UP
2026-02-01 13:09:11 | INFO     | scanner | Health check complete: 4 UP, 0 DOWN, 0 DEGRADED, 0 alerts in 3.25s
2026-02-01 13:10:11 | INFO     | scanner | Starting health check on 4 devices
2026-02-01 13:10:11 | INFO     | scanner | Health check on 4 devices
2026-02-01 13:10:14 | INFO     | scanner | Health check complete: 4/4 UP
2026-02-01 13:10:14 | INFO     | scanner | Health check complete: 4 UP, 0 DOWN, 0 DEGRADED, 0 alerts in 3.18s
2026-02-01 13:11:14 | INFO     | scanner | Starting health check on 4 devices
2026-02-01 13:11:14 | INFO     | scanner | Health check on 4 devices
2026-02-01 13:11:18 | INFO     | scanner | Health check complete: 4/4 UP
2026-02-01 13:11:18 | INFO     | scanner | Health check complete: 4 UP, 0 DOWN, 0 DEGRADED, 0 alerts in 3.26s
2026-02-01 13:12:18 | INFO     | scanner | Starting health check on 4 devices
2026-02-01 13:12:18 | INFO     | scanner | Health check on 4 devices
2026-02-01 13:12:21 | INFO     | scanner | Health check complete: 4/4 UP
2026-02-01 13:12:21 | INFO     | scanner | Health check complete: 4 UP, 0 DOWN, 0 DEGRADED, 0 alerts in 3.27s
2026-02-01 13:13:21 | INFO     | scanner | Starting health check on 4 devices
2026-02-01 13:13:21 | INFO     | scanner | Health check on 4 devices
2026-02-01 13:13:24 | INFO     | scanner | Health check complete: 4/4 UP
2026-02-01 13:13:24 | INFO     | scanner | Health check complete: 4 UP, 0 DOWN, 0 DEGRADED, 0 alerts in 3.38s
2026-02-01 13:14:24 | INFO     | scanner | Starting health check on 4 devices
2026-02-01 13:14:24 | INFO     | scanner | Health check on 4 devices
2026-02-01 13:14:28 | INFO     | scanner | Health check complete: 4/4 UP
2026-02-01 13:14:28 | INFO     | scanner | Health check complete: 4 UP, 0 DOWN, 0 DEGRADED, 0 alerts in 3.26s
2026-02-01 13:15:28 | INFO     | scanner | Starting health check on 4 devices
2026-02-01 13:15:28 | INFO     | scanner | Health check on 4 devices
2026-02-01 13:15:31 | INFO     | scanner | Health check complete: 4/4 UP
2026-02-01 13:15:31 | INFO     | scanner | Health check complete: 4 UP, 0 DOWN, 0 DEGRADED, 0 alerts in 3.17s
2026-02-01 13:16:31 | INFO     | scanner | Starting health check on 4 devices
2026-02-01 13:16:31 | INFO     | scanner | Health check on 4 devices
2026-02-01 13:16:34 | INFO     | scanner | Health check complete: 4/4 UP
2026-02-01 13:16:34 | INFO     | scanner | Health check complete: 4 UP, 0 DOWN, 0 DEGRADED, 0 alerts in 3.28s
2026-02-01 13:17:34 | INFO     | scanner | Starting health check on 4 devices
2026-02-01 13:17:34 | INFO     | scanner | Health check on 4 devices
2026-02-01 13:17:38 | INFO     | scanner | Health check complete: 4/4 UP
2026-02-01 13:17:38 | INFO     | scanner | Health check complete: 4 UP, 0 DOWN, 0 DEGRADED, 0 alerts in 3.37s
2026-02-01 13:18:38 | INFO     | scanner | Starting health check on 4 devices
2026-02-01 13:18:38 | INFO     | scanner | Health check on 4 devices
2026-02-01 13:18:41 | INFO     | scanner | Health check complete: 4/4 UP
2026-02-01 13:18:41 | INFO     | scanner | Health check complete: 4 UP, 0 DOWN, 0 DEGRADED, 0 alerts in 3.45s
2026-02-01 13:19:41 | INFO     | scanner | Starting health check on 4 devices
2026-02-01 13:19:41 | INFO     | scanner | Health check on 4 devices
2026-02-01 13:19:44 | INFO     | scanner | Health check complete: 4/4 UP
2026-02-01 13:19:44 | INFO     | scanner | Health check complete: 4 UP, 0 DOWN, 0 DEGRADED, 0 alerts in 3.39s
2026-02-01 13:20:44 | INFO     | scanner | Starting health check on 4 devices
2026-02-01 13:20:44 | INFO     | scanner | Health check on 4 devices
2026-02-01 13:20:48 | INFO     | scanner | Health check complete: 4/4 UP
2026-02-01 13:20:48 | INFO     | scanner | Health check complete: 4 UP, 0 DOWN, 0 DEGRADED, 0 alerts in 3.38s
2026-02-01 13:21:48 | INFO     | scanner | Starting health check on 4 devices
2026-02-01 13:21:48 | INFO     | scanner | Health check on 4 devices
2026-02-01 13:21:51 | INFO     | scanner | Health check complete: 4/4 UP
2026-02-01 13:21:51 | INFO     | scanner | Health check complete: 4 UP, 0 DOWN, 0 DEGRADED, 0 alerts in 3.36s
2026-02-01 13:22:51 | INFO     | scanner | Starting health check on 4 devices
2026-02-01 13:22:51 | INFO     | scanner | Health check on 4 devices
2026-02-01 13:22:55 | INFO     | scanner | Health check complete: 4/4 UP
2026-02-01 13:22:55 | INFO     | scanner | Health check complete: 4 UP, 0 DOWN, 0 DEGRADED, 0 alerts in 3.31s
2026-02-01 13:23:55 | INFO     | scanner | Starting health check on 4 devices
2026-02-01 13:23:55 | INFO     | scanner | Health check on 4 devices
2026-02-01 13:23:58 | INFO     | scanner | Health check complete: 4/4 UP
2026-02-01 13:23:58 | INFO     | scanner | Health check complete: 4 UP, 0 DOWN, 0 DEGRADED, 0 alerts in 3.32s
2026-02-01 13:24:58 | INFO     | scanner | Starting health check on 4 devices
2026-02-01 13:24:58 | INFO     | scanner | Health check on 4 devices
2026-02-01 13:25:01 | INFO     | scanner | Health check complete: 4/4 UP
2026-02-01 13:25:01 | INFO     | scanner | Health check complete: 4 UP, 0 DOWN, 0 DEGRADED, 0 alerts in 3.58s
2026-02-01 13:26:01 | INFO     | scanner | Starting health check on 4 devices
2026-02-01 13:26:01 | INFO     | scanner | Health check on 4 devices
2026-02-01 13:26:05 | INFO     | scanner | Health check complete: 4/4 UP
2026-02-01 13:26:05 | INFO     | scanner | Health check complete: 4 UP, 0 DOWN, 0 DEGRADED, 0 alerts in 3.36s
2026-02-01 13:27:05 | INFO     | scanner | Starting health check on 4 devices
2026-02-01 13:27:05 | INFO     | scanner | Health check on 4 devices
2026-02-01 13:27:08 | INFO     | scanner | Health check complete: 4/4 UP
2026-02-01 13:27:08 | INFO     | scanner | Health check complete: 4 UP, 0 DOWN, 0 DEGRADED, 0 alerts in 3.46s
2026-02-01 13:28:08 | INFO     | scanner | Starting health check on 4 devices
2026-02-01 13:28:08 | INFO     | scanner | Health check on 4 devices
2026-02-01 13:28:12 | INFO     | scanner | Health check complete: 4/4 UP
2026-02-01 13:28:12 | INFO     | scanner | Health check complete: 4 UP, 0 DOWN, 0 DEGRADED, 0 alerts in 3.43s
2026-02-01 13:29:12 | INFO     | scanner | Starting health check on 4 devices
2026-02-01 13:29:12 | INFO     | scanner | Health check on 4 devices
2026-02-01 13:29:15 | INFO     | scanner | Health check complete: 4/4 UP
2026-02-01 13:29:15 | INFO     | scanner | Health check complete: 4 UP, 0 DOWN, 0 DEGRADED, 0 alerts in 3.35s
2026-02-01 13:30:15 | INFO     | scanner | Starting health check on 4 devices
2026-02-01 13:30:15 | INFO     | scanner | Health check on 4 devices
2026-02-01 13:30:20 | INFO     | scanner | Health check complete: 3/4 UP
2026-02-01 13:30:20 | INFO     | scanner | Health check complete: 4 UP, 0 DOWN, 0 DEGRADED, 0 alerts in 4.72s
2026-02-01 13:31:20 | INFO     | scanner | Starting health check on 4 devices
2026-02-01 13:31:20 | INFO     | scanner | Health check on 4 devices
2026-02-01 13:31:23 | INFO     | scanner | Health check complete: 4/4 UP
2026-02-01 13:31:23 | INFO     | scanner | Health check complete: 4 UP, 0 DOWN, 0 DEGRADED, 0 alerts in 3.27s
2026-02-01 13:32:23 | INFO     | scanner | Starting health check on 4 devices
2026-02-01 13:32:23 | INFO     | scanner | Health check on 4 devices
2026-02-01 13:32:27 | INFO     | scanner | Health check complete: 4/4 UP
2026-02-01 13:32:27 | INFO     | scanner | Health check complete: 4 UP, 0 DOWN, 0 DEGRADED, 0 alerts in 3.55s
2026-02-01 13:33:27 | INFO     | scanner | Starting health check on 4 devices
2026-02-01 13:33:27 | INFO     | scanner | Health check on 4 devices
2026-02-01 13:33:30 | INFO     | scanner | Health check complete: 4/4 UP
2026-02-01 13:33:30 | INFO     | scanner | Health check complete: 4 UP, 0 DOWN, 0 DEGRADED, 0 alerts in 3.47s
2026-02-01 13:34:30 | INFO     | scanner | Starting health check on 4 devices
2026-02-01 13:34:30 | INFO     | scanner | Health check on 4 devices
2026-02-01 13:34:34 | INFO     | scanner | Health check complete: 4/4 UP
2026-02-01 13:34:34 | INFO     | scanner | Health check complete: 4 UP, 0 DOWN, 0 DEGRADED, 0 alerts in 3.46s
2026-02-01 13:35:34 | INFO     | scanner | Starting health check on 4 devices
2026-02-01 13:35:34 | INFO     | scanner | Health check on 4 devices
2026-02-01 13:35:37 | INFO     | scanner | Health check complete: 4/4 UP
2026-02-01 13:35:37 | INFO     | scanner | Health check complete: 4 UP, 0 DOWN, 0 DEGRADED, 0 alerts in 3.60s
2026-02-01 13:36:37 | INFO     | scanner | Starting health check on 4 devices
2026-02-01 13:36:37 | INFO     | scanner | Health check on 4 devices
2026-02-01 13:36:41 | INFO     | scanner | Health check complete: 4/4 UP
2026-02-01 13:36:41 | INFO     | scanner | Health check complete: 4 UP, 0 DOWN, 0 DEGRADED, 0 alerts in 3.27s
2026-02-01 13:37:41 | INFO     | scanner | Starting health check on 4 devices
2026-02-01 13:37:41 | INFO     | scanner | Health check on 4 devices
2026-02-01 13:37:44 | INFO     | scanner | Health check complete: 4/4 UP
2026-02-01 13:37:44 | INFO     | scanner | Health check complete: 4 UP, 0 DOWN, 0 DEGRADED, 0 alerts in 3.32s
2026-02-01 13:38:44 | INFO     | scanner | Starting health check on 4 devices
2026-02-01 13:38:44 | INFO     | scanner | Health check on 4 devices
2026-02-01 13:38:47 | INFO     | scanner | Health check complete: 4/4 UP
2026-02-01 13:38:47 | INFO     | scanner | Health check complete: 4 UP, 0 DOWN, 0 DEGRADED, 0 alerts in 3.26s
2026-02-01 13:39:47 | INFO     | scanner | Starting health check on 4 devices
2026-02-01 13:39:47 | INFO     | scanner | Health check on 4 devices
2026-02-01 13:39:51 | INFO     | scanner | Health check complete: 4/4 UP
2026-02-01 13:39:51 | INFO     | scanner | Health check complete: 4 UP, 0 DOWN, 0 DEGRADED, 0 alerts in 3.38s
2026-02-01 13:40:51 | INFO     | scanner | Starting health check on 4 devices
2026-02-01 13:40:51 | INFO     | scanner | Health check on 4 devices
2026-02-01 13:40:54 | INFO     | scanner | Health check complete: 4/4 UP
2026-02-01 13:40:54 | INFO     | scanner | Health check complete: 4 UP, 0 DOWN, 0 DEGRADED, 0 alerts in 3.44s
2026-02-01 13:41:54 | INFO     | scanner | Starting health check on 4 devices
2026-02-01 13:41:54 | INFO     | scanner | Health check on 4 devices
2026-02-01 13:41:58 | INFO     | scanner | Health check complete: 4/4 UP
2026-02-01 13:41:58 | INFO     | scanner | Health check complete: 4 UP, 0 DOWN, 0 DEGRADED, 0 alerts in 3.46s
2026-02-01 13:42:58 | INFO     | scanner | Starting health check on 4 devices
2026-02-01 13:42:58 | INFO     | scanner | Health check on 4 devices
2026-02-01 13:43:01 | INFO     | scanner | Health check complete: 4/4 UP
2026-02-01 13:43:01 | INFO     | scanner | Health check complete: 4 UP, 0 DOWN, 0 DEGRADED, 0 alerts in 3.38s
2026-02-01 13:44:01 | INFO     | scanner | Starting health check on 4 devices
2026-02-01 13:44:01 | INFO     | scanner | Health check on 4 devices
2026-02-01 13:44:05 | INFO     | scanner | Health check complete: 4/4 UP
2026-02-01 13:44:05 | INFO     | scanner | Health check complete: 4 UP, 0 DOWN, 0 DEGRADED, 0 alerts in 3.47s
2026-02-01 13:45:05 | INFO     | scanner | Starting health check on 4 devices
2026-02-01 13:45:05 | INFO     | scanner | Health check on 4 devices
2026-02-01 13:45:09 | INFO     | scanner | Health check complete: 2/4 UP
2026-02-01 13:45:09 | INFO     | scanner | Health check complete: 4 UP, 0 DOWN, 0 DEGRADED, 0 alerts in 4.83s
2026-02-01 13:46:09 | INFO     | scanner | Starting health check on 4 devices
2026-02-01 13:46:09 | INFO     | scanner | Health check on 4 devices
2026-02-01 13:46:13 | INFO     | scanner | Health check complete: 4/4 UP
2026-02-01 13:46:13 | INFO     | scanner | Health check complete: 4 UP, 0 DOWN, 0 DEGRADED, 0 alerts in 3.18s
2026-02-01 13:47:13 | INFO     | scanner | Starting health check on 4 devices
2026-02-01 13:47:13 | INFO     | scanner | Health check on 4 devices
2026-02-01 13:47:16 | INFO     | scanner | Health check complete: 4/4 UP
2026-02-01 13:47:16 | INFO     | scanner | Health check complete: 4 UP, 0 DOWN, 0 DEGRADED, 0 alerts in 3.30s
2026-02-01 13:48:16 | INFO     | scanner | Starting health check on 4 devices
2026-02-01 13:48:16 | INFO     | scanner | Health check on 4 devices
2026-02-01 13:48:19 | INFO     | scanner | Health check complete: 4/4 UP
2026-02-01 13:48:19 | INFO     | scanner | Health check complete: 4 UP, 0 DOWN, 0 DEGRADED, 0 alerts in 3.14s
2026-02-01 13:49:19 | INFO     | scanner | Starting health check on 4 devices
2026-02-01 13:49:19 | INFO     | scanner | Health check on 4 devices
2026-02-01 13:49:23 | INFO     | scanner | Health check complete: 4/4 UP
2026-02-01 13:49:23 | INFO     | scanner | Health check complete: 4 UP, 0 DOWN, 0 DEGRADED, 0 alerts in 3.46s
2026-02-01 13:50:23 | INFO     | scanner | Starting health check on 4 devices
2026-02-01 13:50:23 | INFO     | scanner | Health check on 4 devices
2026-02-01 13:50:26 | INFO     | scanner | Health check complete: 4/4 UP
2026-02-01 13:50:26 | INFO     | scanner | Health check complete: 4 UP, 0 DOWN, 0 DEGRADED, 0 alerts in 3.38s
2026-02-01 13:51:26 | INFO     | scanner | Starting health check on 4 devices
2026-02-01 13:51:26 | INFO     | scanner | Health check on 4 devices
2026-02-01 13:51:30 | INFO     | scanner | Health check complete: 4/4 UP
2026-02-01 13:51:30 | INFO     | scanner | Health check complete: 4 UP, 0 DOWN, 0 DEGRADED, 0 alerts in 3.48s
2026-02-01 13:52:30 | INFO     | scanner | Starting health check on 4 devices
2026-02-01 13:52:30 | INFO     | scanner | Health check on 4 devices
2026-02-01 13:52:33 | INFO     | scanner | Health check complete: 4/4 UP
2026-02-01 13:52:33 | INFO     | scanner | Health check complete: 4 UP, 0 DOWN, 0 DEGRADED, 0 alerts in 3.25s
2026-02-01 13:53:33 | INFO     | scanner | Starting health check on 4 devices
2026-02-01 13:53:33 | INFO     | scanner | Health check on 4 devices
2026-02-01 13:53:36 | INFO     | scanner | Health check complete: 4/4 UP
2026-02-01 13:53:36 | INFO     | scanner | Health check complete: 4 UP, 0 DOWN, 0 DEGRADED, 0 alerts in 3.45s
2026-02-01 13:54:36 | INFO     | scanner | Starting health check on 4 devices
2026-02-01 13:54:36 | INFO     | scanner | Health check on 4 devices
2026-02-01 13:54:40 | INFO     | scanner | Health check complete: 4/4 UP
2026-02-01 13:54:40 | INFO     | scanner | Health check complete: 4 UP, 0 DOWN, 0 DEGRADED, 0 alerts in 3.39s
2026-02-01 13:55:40 | INFO     | scanner | Starting health check on 4 devices
2026-02-01 13:55:40 | INFO     | scanner | Health check on 4 devices
2026-02-01 13:55:43 | INFO     | scanner | Health check complete: 4/4 UP
2026-02-01 13:55:43 | INFO     | scanner | Health check complete: 4 UP, 0 DOWN, 0 DEGRADED, 0 alerts in 3.37s
2026-02-01 13:56:43 | INFO     | scanner | Starting health check on 4 devices
2026-02-01 13:56:43 | INFO     | scanner | Health check on 4 devices
2026-02-01 13:56:46 | INFO     | scanner | Health check complete: 4/4 UP
2026-02-01 13:56:46 | INFO     | scanner | Health check complete: 4 UP, 0 DOWN, 0 DEGRADED, 0 alerts in 3.28s
2026-02-01 13:57:46 | INFO     | scanner | Starting health check on 4 devices
2026-02-01 13:57:46 | INFO     | scanner | Health check on 4 devices
2026-02-01 13:57:50 | INFO     | scanner | Health check complete: 4/4 UP
2026-02-01 13:57:50 | INFO     | scanner | Health check complete: 4 UP, 0 DOWN, 0 DEGRADED, 0 alerts in 3.58s
2026-02-01 13:58:50 | INFO     | scanner | Starting health check on 4 devices
2026-02-01 13:58:50 | INFO     | scanner | Health check on 4 devices
2026-02-01 13:58:53 | INFO     | scanner | Health check complete: 4/4 UP
2026-02-01 13:58:53 | INFO     | scanner | Health check complete: 4 UP, 0 DOWN, 0 DEGRADED, 0 alerts in 3.48s
2026-02-01 13:59:53 | INFO     | scanner | Starting health check on 4 devices
2026-02-01 13:59:53 | INFO     | scanner | Health check on 4 devices
2026-02-01 13:59:57 | INFO     | scanner | Health check complete: 4/4 UP
2026-02-01 13:59:57 | INFO     | scanner | Health check complete: 4 UP, 0 DOWN, 0 DEGRADED, 0 alerts in 3.35s
2026-02-01 14:00:57 | INFO     | scanner | Starting health check on 4 devices
2026-02-01 14:00:57 | INFO     | scanner | Health check on 4 devices
2026-02-01 14:01:00 | INFO     | scanner | Health check complete: 4/4 UP
2026-02-01 14:01:00 | INFO     | scanner | Health check complete: 4 UP, 0 DOWN, 0 DEGRADED, 0 alerts in 3.34s
2026-02-01 14:02:00 | INFO     | scanner | Starting health check on 4 devices
2026-02-01 14:02:00 | INFO     | scanner | Health check on 4 devices
2026-02-01 14:02:04 | INFO     | scanner | Health check complete: 4/4 UP
2026-02-01 14:02:04 | INFO     | scanner | Health check complete: 4 UP, 0 DOWN, 0 DEGRADED, 0 alerts in 3.56s
2026-02-01 14:03:04 | INFO     | scanner | Starting health check on 4 devices
2026-02-01 14:03:04 | INFO     | scanner | Health check on 4 devices
2026-02-01 14:03:07 | INFO     | scanner | Health check complete: 4/4 UP
2026-02-01 14:03:07 | INFO     | scanner | Health check complete: 4 UP, 0 DOWN, 0 DEGRADED, 0 alerts in 3.39s
2026-02-01 14:04:07 | INFO     | scanner | Starting health check on 4 devices
2026-02-01 14:04:07 | INFO     | scanner | Health check on 4 devices
2026-02-01 14:04:11 | INFO     | scanner | Health check complete: 4/4 UP
2026-02-01 14:04:11 | INFO     | scanner | Health check complete: 4 UP, 0 DOWN, 0 DEGRADED, 0 alerts in 3.58s
2026-02-01 14:05:11 | INFO     | scanner | Starting health check on 4 devices
2026-02-01 14:05:11 | INFO     | scanner | Health check on 4 devices
2026-02-01 14:05:14 | INFO     | scanner | Health check complete: 4/4 UP
2026-02-01 14:05:14 | INFO     | scanner | Health check complete: 4 UP, 0 DOWN, 0 DEGRADED, 0 alerts in 3.36s
2026-02-01 14:06:14 | INFO     | scanner | Starting health check on 4 devices
2026-02-01 14:06:14 | INFO     | scanner | Health check on 4 devices
2026-02-01 14:06:17 | INFO     | scanner | Health check complete: 4/4 UP
2026-02-01 14:06:17 | INFO     | scanner | Health check complete: 4 UP, 0 DOWN, 0 DEGRADED, 0 alerts in 3.26s
2026-02-01 14:07:17 | INFO     | scanner | Starting health check on 4 devices
2026-02-01 14:07:17 | INFO     | scanner | Health check on 4 devices
2026-02-01 14:07:21 | INFO     | scanner | Health check complete: 4/4 UP
2026-02-01 14:07:21 | INFO     | scanner | Health check complete: 4 UP, 0 DOWN, 0 DEGRADED, 0 alerts in 3.35s
2026-02-01 14:08:21 | INFO     | scanner | Starting health check on 4 devices
2026-02-01 14:08:21 | INFO     | scanner | Health check on 4 devices
2026-02-01 14:08:24 | INFO     | scanner | Health check complete: 4/4 UP
2026-02-01 14:08:24 | INFO     | scanner | Health check complete: 4 UP, 0 DOWN, 0 DEGRADED, 0 alerts in 3.19s
2026-02-01 14:09:24 | INFO     | scanner | Starting health check on 4 devices
2026-02-01 14:09:24 | INFO     | scanner | Health check on 4 devices
2026-02-01 14:09:27 | INFO     | scanner | Health check complete: 4/4 UP
2026-02-01 14:09:27 | INFO     | scanner | Health check complete: 4 UP, 0 DOWN, 0 DEGRADED, 0 alerts in 3.16s
2026-02-01 14:10:27 | INFO     | scanner | Starting health check on 4 devices
2026-02-01 14:10:27 | INFO     | scanner | Health check on 4 devices
2026-02-01 14:10:30 | INFO     | scanner | Health check complete: 4/4 UP
2026-02-01 14:10:30 | INFO     | scanner | Health check complete: 4 UP, 0 DOWN, 0 DEGRADED, 0 alerts in 3.14s
2026-02-01 14:11:30 | INFO     | scanner | Starting health check on 4 devices
2026-02-01 14:11:30 | INFO     | scanner | Health check on 4 devices
2026-02-01 14:11:34 | INFO     | scanner | Health check complete: 4/4 UP
2026-02-01 14:11:34 | INFO     | scanner | Health check complete: 4 UP, 0 DOWN, 0 DEGRADED, 0 alerts in 3.28s
2026-02-01 14:12:34 | INFO     | scanner | Starting health check on 4 devices
2026-02-01 14:12:34 | INFO     | scanner | Health check on 4 devices
2026-02-01 14:12:37 | INFO     | scanner | Health check complete: 4/4 UP
2026-02-01 14:12:37 | INFO     | scanner | Health check complete: 4 UP, 0 DOWN, 0 DEGRADED, 0 alerts in 3.17s
2026-02-01 14:13:37 | INFO     | scanner | Starting health check on 4 devices
2026-02-01 14:13:37 | INFO     | scanner | Health check on 4 devices
2026-02-01 14:13:40 | INFO     | scanner | Health check complete: 4/4 UP
2026-02-01 14:13:40 | INFO     | scanner | Health check complete: 4 UP, 0 DOWN, 0 DEGRADED, 0 alerts in 3.15s
2026-02-01 14:14:40 | INFO     | scanner | Starting health check on 4 devices
2026-02-01 14:14:40 | INFO     | scanner | Health check on 4 devices
2026-02-01 14:14:43 | INFO     | scanner | Health check complete: 4/4 UP
2026-02-01 14:14:43 | INFO     | scanner | Health check complete: 4 UP, 0 DOWN, 0 DEGRADED, 0 alerts in 3.36s
2026-02-01 14:15:43 | INFO     | scanner | Starting health check on 4 devices
2026-02-01 14:15:43 | INFO     | scanner | Health check on 4 devices
2026-02-01 14:15:47 | INFO     | scanner | Health check complete: 4/4 UP
2026-02-01 14:15:47 | INFO     | scanner | Health check complete: 4 UP, 0 DOWN, 0 DEGRADED, 0 alerts in 3.57s
2026-02-01 14:16:47 | INFO     | scanner | Starting health check on 4 devices
2026-02-01 14:16:47 | INFO     | scanner | Health check on 4 devices
2026-02-01 14:16:50 | INFO     | scanner | Health check complete: 4/4 UP
2026-02-01 14:16:50 | INFO     | scanner | Health check complete: 4 UP, 0 DOWN, 0 DEGRADED, 0 alerts in 3.33s
2026-02-01 14:17:50 | INFO     | scanner | Starting health check on 4 devices
2026-02-01 14:17:50 | INFO     | scanner | Health check on 4 devices
2026-02-01 14:17:54 | INFO     | scanner | Health check complete: 4/4 UP
2026-02-01 14:17:54 | INFO     | scanner | Health check complete: 4 UP, 0 DOWN, 0 DEGRADED, 0 alerts in 3.41s
2026-02-01 14:18:54 | INFO     | scanner | Starting health check on 4 devices
2026-02-01 14:18:54 | INFO     | scanner | Health check on 4 devices
2026-02-01 14:18:57 | INFO     | scanner | Health check complete: 4/4 UP
2026-02-01 14:18:57 | INFO     | scanner | Health check complete: 4 UP, 0 DOWN, 0 DEGRADED, 0 alerts in 3.36s
2026-02-01 14:19:57 | INFO     | scanner | Starting health check on 4 devices
2026-02-01 14:19:57 | INFO     | scanner | Health check on 4 devices
2026-02-01 14:20:01 | INFO     | scanner | Health check complete: 4/4 UP
2026-02-01 14:20:01 | INFO     | scanner | Health check complete: 4 UP, 0 DOWN, 0 DEGRADED, 0 alerts in 3.45s
2026-02-01 14:21:01 | INFO     | scanner | Starting health check on 4 devices
2026-02-01 14:21:01 | INFO     | scanner | Health check on 4 devices
2026-02-01 14:21:04 | INFO     | scanner | Health check complete: 4/4 UP
2026-02-01 14:21:04 | INFO     | scanner | Health check complete: 4 UP, 0 DOWN, 0 DEGRADED, 0 alerts in 3.57s
2026-02-01 14:22:04 | INFO     | scanner | Starting health check on 4 devices
2026-02-01 14:22:04 | INFO     | scanner | Health check on 4 devices
2026-02-01 14:22:08 | INFO     | scanner | Health check complete: 4/4 UP
2026-02-01 14:22:08 | INFO     | scanner | Health check complete: 4 UP, 0 DOWN, 0 DEGRADED, 0 alerts in 3.34s
2026-02-01 14:23:08 | INFO     | scanner | Starting health check on 4 devices
2026-02-01 14:23:08 | INFO     | scanner | Health check on 4 devices
2026-02-01 14:23:11 | INFO     | scanner | Health check complete: 4/4 UP
2026-02-01 14:23:11 | INFO     | scanner | Health check complete: 4 UP, 0 DOWN, 0 DEGRADED, 0 alerts in 3.45s
2026-02-01 14:24:11 | INFO     | scanner | Starting health check on 4 devices
2026-02-01 14:24:11 | INFO     | scanner | Health check on 4 devices
2026-02-01 14:24:14 | INFO     | scanner | Health check complete: 4/4 UP
2026-02-01 14:24:14 | INFO     | scanner | Health check complete: 4 UP, 0 DOWN, 0 DEGRADED, 0 alerts in 3.39s
2026-02-01 14:25:14 | INFO     | scanner | Starting health check on 4 devices
2026-02-01 14:25:14 | INFO     | scanner | Health check on 4 devices
2026-02-01 14:25:18 | INFO     | scanner | Health check complete: 4/4 UP
2026-02-01 14:25:18 | INFO     | scanner | Health check complete: 4 UP, 0 DOWN, 0 DEGRADED, 0 alerts in 3.45s
2026-02-01 14:26:18 | INFO     | scanner | Starting health check on 4 devices
2026-02-01 14:26:18 | INFO     | scanner | Health check on 4 devices
2026-02-01 14:26:21 | INFO     | scanner | Health check complete: 4/4 UP
2026-02-01 14:26:21 | INFO     | scanner | Health check complete: 4 UP, 0 DOWN, 0 DEGRADED, 0 alerts in 3.38s
2026-02-01 14:27:21 | INFO     | scanner | Starting health check on 4 devices
2026-02-01 14:27:21 | INFO     | scanner | Health check on 4 devices
2026-02-01 14:27:26 | INFO     | scanner | Health check complete: 2/4 UP
2026-02-01 14:27:26 | INFO     | scanner | Health check complete: 4 UP, 0 DOWN, 0 DEGRADED, 0 alerts in 5.04s
2026-02-01 14:28:26 | INFO     | scanner | Starting health check on 4 devices
2026-02-01 14:28:26 | INFO     | scanner | Health check on 4 devices
2026-02-01 14:28:30 | INFO     | scanner | Health check complete: 4/4 UP
2026-02-01 14:28:30 | INFO     | scanner | Health check complete: 4 UP, 0 DOWN, 0 DEGRADED, 0 alerts in 3.41s
2026-02-01 14:29:30 | INFO     | scanner | Starting health check on 4 devices
2026-02-01 14:29:30 | INFO     | scanner | Health check on 4 devices
2026-02-01 14:29:33 | INFO     | scanner | Health check complete: 4/4 UP
2026-02-01 14:29:33 | INFO     | scanner | Health check complete: 4 UP, 0 DOWN, 0 DEGRADED, 0 alerts in 3.57s
2026-02-01 14:30:33 | INFO     | scanner | Starting health check on 4 devices
2026-02-01 14:30:33 | INFO     | scanner | Health check on 4 devices
2026-02-01 14:30:37 | INFO     | scanner | Health check complete: 4/4 UP
2026-02-01 14:30:37 | INFO     | scanner | Health check complete: 4 UP, 0 DOWN, 0 DEGRADED, 0 alerts in 3.56s
2026-02-01 14:31:37 | INFO     | scanner | Starting health check on 4 devices
2026-02-01 14:31:37 | INFO     | scanner | Health check on 4 devices
2026-02-01 14:31:40 | INFO     | scanner | Health check complete: 4/4 UP
2026-02-01 14:31:40 | INFO     | scanner | Health check complete: 4 UP, 0 DOWN, 0 DEGRADED, 0 alerts in 3.13s
2026-02-01 14:32:40 | INFO     | scanner | Starting health check on 4 devices
2026-02-01 14:32:40 | INFO     | scanner | Health check on 4 devices
2026-02-01 14:32:43 | INFO     | scanner | Health check complete: 4/4 UP
2026-02-01 14:32:43 | INFO     | scanner | Health check complete: 4 UP, 0 DOWN, 0 DEGRADED, 0 alerts in 3.25s
2026-02-01 14:33:43 | INFO     | scanner | Starting health check on 4 devices
2026-02-01 14:33:43 | INFO     | scanner | Health check on 4 devices
2026-02-01 14:33:47 | INFO     | scanner | Health check complete: 4/4 UP
2026-02-01 14:33:47 | INFO     | scanner | Health check complete: 4 UP, 0 DOWN, 0 DEGRADED, 0 alerts in 3.38s
2026-02-01 14:34:47 | INFO     | scanner | Starting health check on 4 devices
2026-02-01 14:34:47 | INFO     | scanner | Health check on 4 devices
2026-02-01 14:34:50 | INFO     | scanner | Health check complete: 4/4 UP
2026-02-01 14:34:50 | INFO     | scanner | Health check complete: 4 UP, 0 DOWN, 0 DEGRADED, 0 alerts in 3.57s
2026-02-01 14:35:50 | INFO     | scanner | Starting health check on 4 devices
2026-02-01 14:35:50 | INFO     | scanner | Health check on 4 devices
2026-02-01 14:35:54 | INFO     | scanner | Health check complete: 4/4 UP
2026-02-01 14:35:54 | INFO     | scanner | Health check complete: 4 UP, 0 DOWN, 0 DEGRADED, 0 alerts in 3.55s
2026-02-01 14:36:54 | INFO     | scanner | Starting health check on 4 devices
2026-02-01 14:36:54 | INFO     | scanner | Health check on 4 devices
2026-02-01 14:36:57 | INFO     | scanner | Health check complete: 4/4 UP
2026-02-01 14:36:57 | INFO     | scanner | Health check complete: 4 UP, 0 DOWN, 0 DEGRADED, 0 alerts in 3.16s
2026-02-01 14:37:57 | INFO     | scanner | Starting health check on 4 devices
2026-02-01 14:37:57 | INFO     | scanner | Health check on 4 devices
2026-02-01 14:38:01 | INFO     | scanner | Health check complete: 4/4 UP
2026-02-01 14:38:01 | INFO     | scanner | Health check complete: 4 UP, 0 DOWN, 0 DEGRADED, 0 alerts in 3.36s
2026-02-01 14:39:01 | INFO     | scanner | Starting health check on 4 devices
2026-02-01 14:39:01 | INFO     | scanner | Health check on 4 devices
2026-02-01 14:39:04 | INFO     | scanner | Health check complete: 4/4 UP
2026-02-01 14:39:04 | INFO     | scanner | Health check complete: 4 UP, 0 DOWN, 0 DEGRADED, 0 alerts in 3.25s
2026-02-01 14:40:04 | INFO     | scanner | Starting health check on 4 devices
2026-02-01 14:40:04 | INFO     | scanner | Health check on 4 devices
2026-02-01 14:40:07 | INFO     | scanner | Health check complete: 4/4 UP
2026-02-01 14:40:07 | INFO     | scanner | Health check complete: 4 UP, 0 DOWN, 0 DEGRADED, 0 alerts in 3.37s
2026-02-01 14:41:07 | INFO     | scanner | Starting health check on 4 devices
2026-02-01 14:41:07 | INFO     | scanner | Health check on 4 devices
2026-02-01 14:41:11 | INFO     | scanner | Health check complete: 4/4 UP
2026-02-01 14:41:11 | INFO     | scanner | Health check complete: 4 UP, 0 DOWN, 0 DEGRADED, 0 alerts in 3.33s
2026-02-01 14:42:11 | INFO     | scanner | Starting health check on 4 devices
2026-02-01 14:42:11 | INFO     | scanner | Health check on 4 devices
2026-02-01 14:42:14 | INFO     | scanner | Health check complete: 4/4 UP
2026-02-01 14:42:14 | INFO     | scanner | Health check complete: 4 UP, 0 DOWN, 0 DEGRADED, 0 alerts in 3.31s
2026-02-01 14:43:14 | INFO     | scanner | Starting health check on 4 devices
2026-02-01 14:43:14 | INFO     | scanner | Health check on 4 devices
2026-02-01 14:43:17 | INFO     | scanner | Health check complete: 4/4 UP
2026-02-01 14:43:17 | INFO     | scanner | Health check complete: 4 UP, 0 DOWN, 0 DEGRADED, 0 alerts in 3.26s
2026-02-01 14:44:17 | INFO     | scanner | Starting health check on 4 devices
2026-02-01 14:44:17 | INFO     | scanner | Health check on 4 devices
2026-02-01 14:44:21 | INFO     | scanner | Health check complete: 4/4 UP
2026-02-01 14:44:21 | INFO     | scanner | Health check complete: 4 UP, 0 DOWN, 0 DEGRADED, 0 alerts in 3.44s
2026-02-01 14:45:21 | INFO     | scanner | Starting health check on 4 devices
2026-02-01 14:45:21 | INFO     | scanner | Health check on 4 devices
2026-02-01 14:45:24 | INFO     | scanner | Health check complete: 4/4 UP
2026-02-01 14:45:24 | INFO     | scanner | Health check complete: 4 UP, 0 DOWN, 0 DEGRADED, 0 alerts in 3.14s
2026-02-01 14:46:24 | INFO     | scanner | Starting health check on 4 devices
2026-02-01 14:46:24 | INFO     | scanner | Health check on 4 devices
2026-02-01 14:46:27 | INFO     | scanner | Health check complete: 4/4 UP
2026-02-01 14:46:27 | INFO     | scanner | Health check complete: 4 UP, 0 DOWN, 0 DEGRADED, 0 alerts in 3.27s
2026-02-01 14:47:27 | INFO     | scanner | Starting health check on 4 devices
2026-02-01 14:47:27 | INFO     | scanner | Health check on 4 devices
2026-02-01 14:47:31 | INFO     | scanner | Health check complete: 4/4 UP
2026-02-01 14:47:31 | INFO     | scanner | Health check complete: 4 UP, 0 DOWN, 0 DEGRADED, 0 alerts in 3.35s
2026-02-01 14:48:31 | INFO     | scanner | Starting health check on 4 devices
2026-02-01 14:48:31 | INFO     | scanner | Health check on 4 devices
2026-02-01 14:48:34 | INFO     | scanner | Health check complete: 4/4 UP
2026-02-01 14:48:34 | INFO     | scanner | Health check complete: 4 UP, 0 DOWN, 0 DEGRADED, 0 alerts in 3.46s
2026-02-01 14:49:34 | INFO     | scanner | Starting health check on 4 devices
2026-02-01 14:49:34 | INFO     | scanner | Health check on 4 devices
2026-02-01 14:49:38 | INFO     | scanner | Health check complete: 4/4 UP
2026-02-01 14:49:38 | INFO     | scanner | Health check complete: 4 UP, 0 DOWN, 0 DEGRADED, 0 alerts in 3.58s
2026-02-01 14:50:38 | INFO     | scanner | Starting health check on 4 devices
2026-02-01 14:50:38 | INFO     | scanner | Health check on 4 devices
2026-02-01 14:50:41 | INFO     | scanner | Health check complete: 4/4 UP
2026-02-01 14:50:41 | INFO     | scanner | Health check complete: 4 UP, 0 DOWN, 0 DEGRADED, 0 alerts in 3.25s
2026-02-01 14:51:41 | INFO     | scanner | Starting health check on 4 devices
2026-02-01 14:51:41 | INFO     | scanner | Health check on 4 devices
2026-02-01 14:51:44 | INFO     | scanner | Health check complete: 4/4 UP
2026-02-01 14:51:44 | INFO     | scanner | Health check complete: 4 UP, 0 DOWN, 0 DEGRADED, 0 alerts in 3.36s
2026-02-01 14:52:44 | INFO     | scanner | Starting health check on 4 devices
2026-02-01 14:52:44 | INFO     | scanner | Health check on 4 devices
2026-02-01 14:52:48 | INFO     | scanner | Health check complete: 4/4 UP
2026-02-01 14:52:48 | INFO     | scanner | Health check complete: 4 UP, 0 DOWN, 0 DEGRADED, 0 alerts in 3.37s
2026-02-01 14:53:48 | INFO     | scanner | Starting health check on 4 devices
2026-02-01 14:53:48 | INFO     | scanner | Health check on 4 devices
2026-02-01 14:53:51 | INFO     | scanner | Health check complete: 4/4 UP
2026-02-01 14:53:51 | INFO     | scanner | Health check complete: 4 UP, 0 DOWN, 0 DEGRADED, 0 alerts in 3.35s
2026-02-01 14:54:51 | INFO     | scanner | Starting health check on 4 devices
2026-02-01 14:54:51 | INFO     | scanner | Health check on 4 devices
2026-02-01 14:54:55 | INFO     | scanner | Health check complete: 4/4 UP
2026-02-01 14:54:55 | INFO     | scanner | Health check complete: 4 UP, 0 DOWN, 0 DEGRADED, 0 alerts in 3.47s
2026-02-01 14:55:55 | INFO     | scanner | Starting health check on 4 devices
2026-02-01 14:55:55 | INFO     | scanner | Health check on 4 devices
2026-02-01 14:55:58 | INFO     | scanner | Health check complete: 4/4 UP
2026-02-01 14:55:58 | INFO     | scanner | Health check complete: 4 UP, 0 DOWN, 0 DEGRADED, 0 alerts in 3.43s
2026-02-01 14:56:58 | INFO     | scanner | Starting health check on 4 devices
2026-02-01 14:56:58 | INFO     | scanner | Health check on 4 devices
2026-02-01 14:57:01 | INFO     | scanner | Health check complete: 4/4 UP
2026-02-01 14:57:01 | INFO     | scanner | Health check complete: 4 UP, 0 DOWN, 0 DEGRADED, 0 alerts in 3.42s
2026-02-01 14:58:01 | INFO     | scanner | Starting health check on 4 devices
2026-02-01 14:58:01 | INFO     | scanner | Health check on 4 devices
2026-02-01 14:58:05 | INFO     | scanner | Health check complete: 4/4 UP
2026-02-01 14:58:05 | INFO     | scanner | Health check complete: 4 UP, 0 DOWN, 0 DEGRADED, 0 alerts in 3.46s
2026-02-01 14:59:05 | INFO     | scanner | Starting health check on 4 devices
2026-02-01 14:59:05 | INFO     | scanner | Health check on 4 devices
2026-02-01 14:59:08 | INFO     | scanner | Health check complete: 4/4 UP
2026-02-01 14:59:08 | INFO     | scanner | Health check complete: 4 UP, 0 DOWN, 0 DEGRADED, 0 alerts in 3.32s
2026-02-01 15:00:08 | INFO     | scanner | Starting health check on 4 devices
2026-02-01 15:00:08 | INFO     | scanner | Health check on 4 devices
2026-02-01 15:00:12 | INFO     | scanner | Health check complete: 4/4 UP
2026-02-01 15:00:12 | INFO     | scanner | Health check complete: 4 UP, 0 DOWN, 0 DEGRADED, 0 alerts in 3.39s
2026-02-01 15:01:12 | INFO     | scanner | Starting health check on 4 devices
2026-02-01 15:01:12 | INFO     | scanner | Health check on 4 devices
2026-02-01 15:01:15 | INFO     | scanner | Health check complete: 4/4 UP
2026-02-01 15:01:15 | INFO     | scanner | Health check complete: 4 UP, 0 DOWN, 0 DEGRADED, 0 alerts in 3.57s
2026-02-01 15:02:15 | INFO     | scanner | Starting health check on 4 devices
2026-02-01 15:02:15 | INFO     | scanner | Health check on 4 devices
2026-02-01 15:02:19 | INFO     | scanner | Health check complete: 4/4 UP
2026-02-01 15:02:19 | INFO     | scanner | Health check complete: 4 UP, 0 DOWN, 0 DEGRADED, 0 alerts in 3.37s
2026-02-01 15:03:19 | INFO     | scanner | Starting health check on 4 devices
2026-02-01 15:03:19 | INFO     | scanner | Health check on 4 devices
2026-02-01 15:03:22 | INFO     | scanner | Health check complete: 4/4 UP
2026-02-01 15:03:22 | INFO     | scanner | Health check complete: 4 UP, 0 DOWN, 0 DEGRADED, 0 alerts in 3.39s
2026-02-01 15:04:22 | INFO     | scanner | Starting health check on 4 devices
2026-02-01 15:04:22 | INFO     | scanner | Health check on 4 devices
2026-02-01 15:04:25 | INFO     | scanner | Health check complete: 4/4 UP
2026-02-01 15:04:25 | INFO     | scanner | Health check complete: 4 UP, 0 DOWN, 0 DEGRADED, 0 alerts in 3.14s
2026-02-01 15:05:25 | INFO     | scanner | Starting health check on 4 devices
2026-02-01 15:05:25 | INFO     | scanner | Health check on 4 devices
2026-02-01 15:05:29 | INFO     | scanner | Health check complete: 4/4 UP
2026-02-01 15:05:29 | INFO     | scanner | Health check complete: 4 UP, 0 DOWN, 0 DEGRADED, 0 alerts in 3.55s
2026-02-01 15:06:29 | INFO     | scanner | Starting health check on 4 devices
2026-02-01 15:06:29 | INFO     | scanner | Health check on 4 devices
2026-02-01 15:06:32 | INFO     | scanner | Health check complete: 4/4 UP
2026-02-01 15:06:32 | INFO     | scanner | Health check complete: 4 UP, 0 DOWN, 0 DEGRADED, 0 alerts in 3.45s
2026-02-01 15:07:32 | INFO     | scanner | Starting health check on 4 devices
2026-02-01 15:07:32 | INFO     | scanner | Health check on 4 devices
2026-02-01 15:07:36 | INFO     | scanner | Health check complete: 4/4 UP
2026-02-01 15:07:36 | INFO     | scanner | Health check complete: 4 UP, 0 DOWN, 0 DEGRADED, 0 alerts in 3.48s
2026-02-01 15:08:36 | INFO     | scanner | Starting health check on 4 devices
2026-02-01 15:08:36 | INFO     | scanner | Health check on 4 devices
2026-02-01 15:08:39 | INFO     | scanner | Health check complete: 4/4 UP
2026-02-01 15:08:39 | INFO     | scanner | Health check complete: 4 UP, 0 DOWN, 0 DEGRADED, 0 alerts in 3.18s
2026-02-01 15:09:39 | INFO     | scanner | Starting health check on 4 devices
2026-02-01 15:09:39 | INFO     | scanner | Health check on 4 devices
2026-02-01 15:09:43 | INFO     | scanner | Health check complete: 4/4 UP
2026-02-01 15:09:43 | INFO     | scanner | Health check complete: 4 UP, 0 DOWN, 0 DEGRADED, 0 alerts in 3.58s
2026-02-01 15:10:43 | INFO     | scanner | Starting health check on 4 devices
2026-02-01 15:10:43 | INFO     | scanner | Health check on 4 devices
2026-02-01 15:10:46 | INFO     | scanner | Health check complete: 4/4 UP
2026-02-01 15:10:46 | INFO     | scanner | Health check complete: 4 UP, 0 DOWN, 0 DEGRADED, 0 alerts in 3.28s
2026-02-01 15:11:46 | INFO     | scanner | Starting health check on 4 devices
2026-02-01 15:11:46 | INFO     | scanner | Health check on 4 devices
2026-02-01 15:11:49 | INFO     | scanner | Health check complete: 4/4 UP
2026-02-01 15:11:49 | INFO     | scanner | Health check complete: 4 UP, 0 DOWN, 0 DEGRADED, 0 alerts in 3.25s
2026-02-01 15:12:49 | INFO     | scanner | Starting health check on 4 devices
2026-02-01 15:12:49 | INFO     | scanner | Health check on 4 devices
2026-02-01 15:12:52 | INFO     | scanner | Health check complete: 4/4 UP
2026-02-01 15:12:52 | INFO     | scanner | Health check complete: 4 UP, 0 DOWN, 0 DEGRADED, 0 alerts in 3.15s
2026-02-01 15:13:52 | INFO     | scanner | Starting health check on 4 devices
2026-02-01 15:13:52 | INFO     | scanner | Health check on 4 devices
2026-02-01 15:13:56 | INFO     | scanner | Health check complete: 4/4 UP
2026-02-01 15:13:56 | INFO     | scanner | Health check complete: 4 UP, 0 DOWN, 0 DEGRADED, 0 alerts in 3.28s
2026-02-01 15:14:56 | INFO     | scanner | Starting health check on 4 devices
2026-02-01 15:14:56 | INFO     | scanner | Health check on 4 devices
2026-02-01 15:15:00 | INFO     | scanner | Health check complete: 3/4 UP
2026-02-01 15:15:00 | INFO     | scanner | Health check complete: 4 UP, 0 DOWN, 0 DEGRADED, 0 alerts in 4.89s
2026-02-01 15:16:00 | INFO     | scanner | Starting health check on 4 devices
2026-02-01 15:16:00 | INFO     | scanner | Health check on 4 devices
2026-02-01 15:16:04 | INFO     | scanner | Health check complete: 4/4 UP
2026-02-01 15:16:04 | INFO     | scanner | Health check complete: 4 UP, 0 DOWN, 0 DEGRADED, 0 alerts in 3.20s
2026-02-01 15:17:04 | INFO     | scanner | Starting health check on 4 devices
2026-02-01 15:17:04 | INFO     | scanner | Health check on 4 devices
2026-02-01 15:17:07 | INFO     | scanner | Health check complete: 4/4 UP
2026-02-01 15:17:07 | INFO     | scanner | Health check complete: 4 UP, 0 DOWN, 0 DEGRADED, 0 alerts in 3.29s
2026-02-01 15:18:07 | INFO     | scanner | Starting health check on 4 devices
2026-02-01 15:18:07 | INFO     | scanner | Health check on 4 devices
2026-02-01 15:18:10 | INFO     | scanner | Health check complete: 4/4 UP
2026-02-01 15:18:10 | INFO     | scanner | Health check complete: 4 UP, 0 DOWN, 0 DEGRADED, 0 alerts in 3.16s
2026-02-01 15:19:10 | INFO     | scanner | Starting health check on 4 devices
2026-02-01 15:19:10 | INFO     | scanner | Health check on 4 devices
2026-02-01 15:19:13 | INFO     | scanner | Health check complete: 4/4 UP
2026-02-01 15:19:14 | INFO     | scanner | Health check complete: 4 UP, 0 DOWN, 0 DEGRADED, 0 alerts in 3.35s
2026-02-01 15:20:14 | INFO     | scanner | Starting health check on 4 devices
2026-02-01 15:20:14 | INFO     | scanner | Health check on 4 devices
2026-02-01 15:20:17 | INFO     | scanner | Health check complete: 4/4 UP
2026-02-01 15:20:17 | INFO     | scanner | Health check complete: 4 UP, 0 DOWN, 0 DEGRADED, 0 alerts in 3.26s
2026-02-01 15:21:17 | INFO     | scanner | Starting health check on 4 devices
2026-02-01 15:21:17 | INFO     | scanner | Health check on 4 devices
2026-02-01 15:21:22 | INFO     | scanner | Health check complete: 3/4 UP
2026-02-01 15:21:22 | INFO     | scanner | Health check complete: 4 UP, 0 DOWN, 0 DEGRADED, 0 alerts in 5.09s
2026-02-01 15:22:22 | INFO     | scanner | Starting health check on 4 devices
2026-02-01 15:22:22 | INFO     | scanner | Health check on 4 devices
2026-02-01 15:22:25 | INFO     | scanner | Health check complete: 4/4 UP
2026-02-01 15:22:25 | INFO     | scanner | Health check complete: 4 UP, 0 DOWN, 0 DEGRADED, 0 alerts in 3.17s
2026-02-01 15:23:25 | INFO     | scanner | Starting health check on 4 devices
2026-02-01 15:23:25 | INFO     | scanner | Health check on 4 devices
2026-02-01 15:23:28 | INFO     | scanner | Health check complete: 4/4 UP
2026-02-01 15:23:28 | INFO     | scanner | Health check complete: 4 UP, 0 DOWN, 0 DEGRADED, 0 alerts in 3.13s
2026-02-01 15:24:28 | INFO     | scanner | Starting health check on 4 devices
2026-02-01 15:24:28 | INFO     | scanner | Health check on 4 devices
2026-02-01 15:24:32 | INFO     | scanner | Health check complete: 4/4 UP
2026-02-01 15:24:32 | INFO     | scanner | Health check complete: 4 UP, 0 DOWN, 0 DEGRADED, 0 alerts in 3.35s
2026-02-01 15:25:32 | INFO     | scanner | Starting health check on 4 devices
2026-02-01 15:25:32 | INFO     | scanner | Health check on 4 devices
2026-02-01 15:25:35 | INFO     | scanner | Health check complete: 4/4 UP
2026-02-01 15:25:35 | INFO     | scanner | Health check complete: 4 UP, 0 DOWN, 0 DEGRADED, 0 alerts in 3.35s
2026-02-01 15:26:35 | INFO     | scanner | Starting health check on 4 devices
2026-02-01 15:26:35 | INFO     | scanner | Health check on 4 devices
2026-02-01 15:26:38 | INFO     | scanner | Health check complete: 4/4 UP
2026-02-01 15:26:38 | INFO     | scanner | Health check complete: 4 UP, 0 DOWN, 0 DEGRADED, 0 alerts in 3.35s
2026-02-01 15:27:38 | INFO     | scanner | Starting health check on 4 devices
2026-02-01 15:27:38 | INFO     | scanner | Health check on 4 devices
2026-02-01 15:27:42 | INFO     | scanner | Health check complete: 4/4 UP
2026-02-01 15:27:42 | INFO     | scanner | Health check complete: 4 UP, 0 DOWN, 0 DEGRADED, 0 alerts in 3.25s
2026-02-01 15:28:42 | INFO     | scanner | Starting health check on 4 devices
2026-02-01 15:28:42 | INFO     | scanner | Health check on 4 devices
2026-02-01 15:28:45 | INFO     | scanner | Health check complete: 4/4 UP
2026-02-01 15:28:45 | INFO     | scanner | Health check complete: 4 UP, 0 DOWN, 0 DEGRADED, 0 alerts in 3.57s
2026-02-01 15:29:45 | INFO     | scanner | Starting health check on 4 devices
2026-02-01 15:29:45 | INFO     | scanner | Health check on 4 devices
2026-02-01 15:29:49 | INFO     | scanner | Health check complete: 4/4 UP
2026-02-01 15:29:49 | INFO     | scanner | Health check complete: 4 UP, 0 DOWN, 0 DEGRADED, 0 alerts in 3.60s
2026-02-01 15:30:49 | INFO     | scanner | Starting health check on 4 devices
2026-02-01 15:30:49 | INFO     | scanner | Health check on 4 devices
2026-02-01 15:30:52 | INFO     | scanner | Health check complete: 4/4 UP
2026-02-01 15:30:52 | INFO     | scanner | Health check complete: 4 UP, 0 DOWN, 0 DEGRADED, 0 alerts in 3.26s
2026-02-01 15:31:52 | INFO     | scanner | Starting health check on 4 devices
2026-02-01 15:31:52 | INFO     | scanner | Health check on 4 devices
2026-02-01 15:31:56 | INFO     | scanner | Health check complete: 4/4 UP
2026-02-01 15:31:56 | INFO     | scanner | Health check complete: 4 UP, 0 DOWN, 0 DEGRADED, 0 alerts in 3.35s
2026-02-01 15:32:56 | INFO     | scanner | Starting health check on 4 devices
2026-02-01 15:32:56 | INFO     | scanner | Health check on 4 devices
2026-02-01 15:32:59 | INFO     | scanner | Health check complete: 4/4 UP
2026-02-01 15:32:59 | INFO     | scanner | Health check complete: 4 UP, 0 DOWN, 0 DEGRADED, 0 alerts in 3.36s
2026-02-01 15:33:59 | INFO     | scanner | Starting health check on 4 devices
2026-02-01 15:33:59 | INFO     | scanner | Health check on 4 devices
2026-02-01 15:34:04 | INFO     | scanner | Health check complete: 3/4 UP
2026-02-01 15:34:04 | INFO     | scanner | Health check complete: 4 UP, 0 DOWN, 0 DEGRADED, 0 alerts in 4.95s
2026-02-01 15:35:04 | INFO     | scanner | Starting health check on 4 devices
2026-02-01 15:35:04 | INFO     | scanner | Health check on 4 devices
2026-02-01 15:35:07 | INFO     | scanner | Health check complete: 4/4 UP
2026-02-01 15:35:07 | INFO     | scanner | Health check complete: 4 UP, 0 DOWN, 0 DEGRADED, 0 alerts in 3.41s
2026-02-01 15:36:07 | INFO     | scanner | Starting health check on 4 devices
2026-02-01 15:36:07 | INFO     | scanner | Health check on 4 devices
2026-02-01 15:36:11 | INFO     | scanner | Health check complete: 4/4 UP
2026-02-01 15:36:11 | INFO     | scanner | Health check complete: 4 UP, 0 DOWN, 0 DEGRADED, 0 alerts in 3.30s
2026-02-01 15:37:11 | INFO     | scanner | Starting health check on 4 devices
2026-02-01 15:37:11 | INFO     | scanner | Health check on 4 devices
2026-02-01 15:37:14 | INFO     | scanner | Health check complete: 4/4 UP
2026-02-01 15:37:14 | INFO     | scanner | Health check complete: 4 UP, 0 DOWN, 0 DEGRADED, 0 alerts in 3.47s
2026-02-01 15:38:14 | INFO     | scanner | Starting health check on 4 devices
2026-02-01 15:38:14 | INFO     | scanner | Health check on 4 devices
2026-02-01 15:38:17 | INFO     | scanner | Health check complete: 4/4 UP
2026-02-01 15:38:17 | INFO     | scanner | Health check complete: 4 UP, 0 DOWN, 0 DEGRADED, 0 alerts in 3.24s
2026-02-01 15:39:17 | INFO     | scanner | Starting health check on 4 devices
2026-02-01 15:39:17 | INFO     | scanner | Health check on 4 devices
2026-02-01 15:39:21 | INFO     | scanner | Health check complete: 4/4 UP
2026-02-01 15:39:21 | INFO     | scanner | Health check complete: 4 UP, 0 DOWN, 0 DEGRADED, 0 alerts in 3.37s
2026-02-01 15:40:21 | INFO     | scanner | Starting health check on 4 devices
2026-02-01 15:40:21 | INFO     | scanner | Health check on 4 devices
2026-02-01 15:40:24 | INFO     | scanner | Health check complete: 4/4 UP
2026-02-01 15:40:24 | INFO     | scanner | Health check complete: 4 UP, 0 DOWN, 0 DEGRADED, 0 alerts in 3.16s
2026-02-01 15:41:24 | INFO     | scanner | Starting health check on 4 devices
2026-02-01 15:41:24 | INFO     | scanner | Health check on 4 devices
2026-02-01 15:41:27 | INFO     | scanner | Health check complete: 4/4 UP
2026-02-01 15:41:27 | INFO     | scanner | Health check complete: 4 UP, 0 DOWN, 0 DEGRADED, 0 alerts in 3.34s
2026-02-01 15:42:27 | INFO     | scanner | Starting health check on 4 devices
2026-02-01 15:42:27 | INFO     | scanner | Health check on 4 devices
2026-02-01 15:42:31 | INFO     | scanner | Health check complete: 4/4 UP
2026-02-01 15:42:31 | INFO     | scanner | Health check complete: 4 UP, 0 DOWN, 0 DEGRADED, 0 alerts in 3.27s
2026-02-01 15:43:31 | INFO     | scanner | Starting health check on 4 devices
2026-02-01 15:43:31 | INFO     | scanner | Health check on 4 devices
2026-02-01 15:43:34 | INFO     | scanner | Health check complete: 4/4 UP
2026-02-01 15:43:34 | INFO     | scanner | Health check complete: 4 UP, 0 DOWN, 0 DEGRADED, 0 alerts in 3.26s
2026-02-01 15:44:34 | INFO     | scanner | Starting health check on 4 devices
2026-02-01 15:44:34 | INFO     | scanner | Health check on 4 devices
2026-02-01 15:44:37 | INFO     | scanner | Health check complete: 4/4 UP
2026-02-01 15:44:38 | INFO     | scanner | Health check complete: 4 UP, 0 DOWN, 0 DEGRADED, 0 alerts in 3.58s
2026-02-01 15:45:38 | INFO     | scanner | Starting health check on 4 devices
2026-02-01 15:45:38 | INFO     | scanner | Health check on 4 devices
2026-02-01 15:45:41 | INFO     | scanner | Health check complete: 4/4 UP
2026-02-01 15:45:41 | INFO     | scanner | Health check complete: 4 UP, 0 DOWN, 0 DEGRADED, 0 alerts in 3.55s
2026-02-01 15:46:41 | INFO     | scanner | Starting health check on 4 devices
2026-02-01 15:46:41 | INFO     | scanner | Health check on 4 devices
2026-02-01 15:46:44 | INFO     | scanner | Health check complete: 4/4 UP
2026-02-01 15:46:44 | INFO     | scanner | Health check complete: 4 UP, 0 DOWN, 0 DEGRADED, 0 alerts in 3.37s
2026-02-01 15:47:44 | INFO     | scanner | Starting health check on 4 devices
2026-02-01 15:47:44 | INFO     | scanner | Health check on 4 devices
2026-02-01 15:47:48 | INFO     | scanner | Health check complete: 4/4 UP
2026-02-01 15:47:48 | INFO     | scanner | Health check complete: 4 UP, 0 DOWN, 0 DEGRADED, 0 alerts in 3.16s
2026-02-01 15:48:48 | INFO     | scanner | Starting health check on 4 devices
2026-02-01 15:48:48 | INFO     | scanner | Health check on 4 devices
2026-02-01 15:48:51 | INFO     | scanner | Health check complete: 4/4 UP
2026-02-01 15:48:51 | INFO     | scanner | Health check complete: 4 UP, 0 DOWN, 0 DEGRADED, 0 alerts in 3.36s
2026-02-01 15:49:51 | INFO     | scanner | Starting health check on 4 devices
2026-02-01 15:49:51 | INFO     | scanner | Health check on 4 devices
2026-02-01 15:49:54 | INFO     | scanner | Health check complete: 4/4 UP
2026-02-01 15:49:54 | INFO     | scanner | Health check complete: 4 UP, 0 DOWN, 0 DEGRADED, 0 alerts in 3.37s
2026-02-01 15:50:54 | INFO     | scanner | Starting health check on 4 devices
2026-02-01 15:50:54 | INFO     | scanner | Health check on 4 devices
2026-02-01 15:50:58 | INFO     | scanner | Health check complete: 4/4 UP
2026-02-01 15:50:58 | INFO     | scanner | Health check complete: 4 UP, 0 DOWN, 0 DEGRADED, 0 alerts in 3.18s
2026-02-01 15:51:58 | INFO     | scanner | Starting health check on 4 devices
2026-02-01 15:51:58 | INFO     | scanner | Health check on 4 devices
2026-02-01 15:52:01 | INFO     | scanner | Health check complete: 4/4 UP
2026-02-01 15:52:01 | INFO     | scanner | Health check complete: 4 UP, 0 DOWN, 0 DEGRADED, 0 alerts in 3.17s
2026-02-01 15:53:01 | INFO     | scanner | Starting health check on 4 devices
2026-02-01 15:53:01 | INFO     | scanner | Health check on 4 devices
2026-02-01 15:53:04 | INFO     | scanner | Health check complete: 4/4 UP
2026-02-01 15:53:04 | INFO     | scanner | Health check complete: 4 UP, 0 DOWN, 0 DEGRADED, 0 alerts in 3.26s
2026-02-01 15:54:04 | INFO     | scanner | Starting health check on 4 devices
2026-02-01 15:54:04 | INFO     | scanner | Health check on 4 devices
2026-02-01 15:54:07 | INFO     | scanner | Health check complete: 4/4 UP
2026-02-01 15:54:07 | INFO     | scanner | Health check complete: 4 UP, 0 DOWN, 0 DEGRADED, 0 alerts in 3.15s
2026-02-01 15:55:07 | INFO     | scanner | Starting health check on 4 devices
2026-02-01 15:55:07 | INFO     | scanner | Health check on 4 devices
2026-02-01 15:55:11 | INFO     | scanner | Health check complete: 4/4 UP
2026-02-01 15:55:11 | INFO     | scanner | Health check complete: 4 UP, 0 DOWN, 0 DEGRADED, 0 alerts in 3.37s
2026-02-01 15:56:11 | INFO     | scanner | Starting health check on 4 devices
2026-02-01 15:56:11 | INFO     | scanner | Health check on 4 devices
2026-02-01 15:56:14 | INFO     | scanner | Health check complete: 4/4 UP
2026-02-01 15:56:14 | INFO     | scanner | Health check complete: 4 UP, 0 DOWN, 0 DEGRADED, 0 alerts in 3.24s
2026-02-01 15:57:14 | INFO     | scanner | Starting health check on 4 devices
2026-02-01 15:57:14 | INFO     | scanner | Health check on 4 devices
2026-02-01 15:57:17 | INFO     | scanner | Health check complete: 4/4 UP
2026-02-01 15:57:17 | INFO     | scanner | Health check complete: 4 UP, 0 DOWN, 0 DEGRADED, 0 alerts in 3.40s
2026-02-01 15:58:17 | INFO     | scanner | Starting health check on 4 devices
2026-02-01 15:58:17 | INFO     | scanner | Health check on 4 devices
2026-02-01 15:58:21 | INFO     | scanner | Health check complete: 4/4 UP
2026-02-01 15:58:21 | INFO     | scanner | Health check complete: 4 UP, 0 DOWN, 0 DEGRADED, 0 alerts in 3.35s
2026-02-01 15:59:21 | INFO     | scanner | Starting health check on 4 devices
2026-02-01 15:59:21 | INFO     | scanner | Health check on 4 devices
2026-02-01 15:59:24 | INFO     | scanner | Health check complete: 4/4 UP
2026-02-01 15:59:24 | INFO     | scanner | Health check complete: 4 UP, 0 DOWN, 0 DEGRADED, 0 alerts in 3.35s
2026-02-01 16:00:24 | INFO     | scanner | Starting health check on 4 devices
2026-02-01 16:00:24 | INFO     | scanner | Health check on 4 devices
2026-02-01 16:00:27 | INFO     | scanner | Health check complete: 4/4 UP
2026-02-01 16:00:27 | INFO     | scanner | Health check complete: 4 UP, 0 DOWN, 0 DEGRADED, 0 alerts in 3.39s
2026-02-01 16:01:27 | INFO     | scanner | Starting health check on 4 devices
2026-02-01 16:01:27 | INFO     | scanner | Health check on 4 devices
2026-02-01 16:01:31 | INFO     | scanner | Health check complete: 4/4 UP
2026-02-01 16:01:31 | INFO     | scanner | Health check complete: 4 UP, 0 DOWN, 0 DEGRADED, 0 alerts in 3.25s
2026-02-01 16:02:31 | INFO     | scanner | Starting health check on 4 devices
2026-02-01 16:02:31 | INFO     | scanner | Health check on 4 devices
2026-02-01 16:02:34 | INFO     | scanner | Health check complete: 4/4 UP
2026-02-01 16:02:34 | INFO     | scanner | Health check complete: 4 UP, 0 DOWN, 0 DEGRADED, 0 alerts in 3.17s
2026-02-01 16:03:34 | INFO     | scanner | Starting health check on 4 devices
2026-02-01 16:03:34 | INFO     | scanner | Health check on 4 devices
2026-02-01 16:03:37 | INFO     | scanner | Health check complete: 4/4 UP
2026-02-01 16:03:37 | INFO     | scanner | Health check complete: 4 UP, 0 DOWN, 0 DEGRADED, 0 alerts in 3.26s
2026-02-01 16:04:37 | INFO     | scanner | Starting health check on 4 devices
2026-02-01 16:04:37 | INFO     | scanner | Health check on 4 devices
2026-02-01 16:04:40 | INFO     | scanner | Health check complete: 4/4 UP
2026-02-01 16:04:40 | INFO     | scanner | Health check complete: 4 UP, 0 DOWN, 0 DEGRADED, 0 alerts in 3.16s
2026-02-01 16:05:40 | INFO     | scanner | Starting health check on 4 devices
2026-02-01 16:05:40 | INFO     | scanner | Health check on 4 devices
2026-02-01 16:05:44 | INFO     | scanner | Health check complete: 4/4 UP
2026-02-01 16:05:44 | INFO     | scanner | Health check complete: 4 UP, 0 DOWN, 0 DEGRADED, 0 alerts in 3.58s
2026-02-01 16:06:44 | INFO     | scanner | Starting health check on 4 devices
2026-02-01 16:06:44 | INFO     | scanner | Health check on 4 devices
2026-02-01 16:06:47 | INFO     | scanner | Health check complete: 4/4 UP
2026-02-01 16:06:47 | INFO     | scanner | Health check complete: 4 UP, 0 DOWN, 0 DEGRADED, 0 alerts in 3.33s
2026-02-01 16:07:47 | INFO     | scanner | Starting health check on 4 devices
2026-02-01 16:07:47 | INFO     | scanner | Health check on 4 devices
2026-02-01 16:07:51 | INFO     | scanner | Health check complete: 4/4 UP
2026-02-01 16:07:51 | INFO     | scanner | Health check complete: 4 UP, 0 DOWN, 0 DEGRADED, 0 alerts in 3.57s
2026-02-01 16:08:51 | INFO     | scanner | Starting health check on 4 devices
2026-02-01 16:08:51 | INFO     | scanner | Health check on 4 devices
2026-02-01 16:08:54 | INFO     | scanner | Health check complete: 4/4 UP
2026-02-01 16:08:54 | INFO     | scanner | Health check complete: 4 UP, 0 DOWN, 0 DEGRADED, 0 alerts in 3.23s
2026-02-01 16:09:54 | INFO     | scanner | Starting health check on 4 devices
2026-02-01 16:09:54 | INFO     | scanner | Health check on 4 devices
2026-02-01 16:09:57 | INFO     | scanner | Health check complete: 4/4 UP
2026-02-01 16:09:57 | INFO     | scanner | Health check complete: 4 UP, 0 DOWN, 0 DEGRADED, 0 alerts in 3.25s
2026-02-01 16:10:57 | INFO     | scanner | Starting health check on 4 devices
2026-02-01 16:10:57 | INFO     | scanner | Health check on 4 devices
2026-02-01 16:11:01 | INFO     | scanner | Health check complete: 4/4 UP
2026-02-01 16:11:01 | INFO     | scanner | Health check complete: 4 UP, 0 DOWN, 0 DEGRADED, 0 alerts in 3.26s
2026-02-01 16:12:01 | INFO     | scanner | Starting health check on 4 devices
2026-02-01 16:12:01 | INFO     | scanner | Health check on 4 devices
2026-02-01 16:12:04 | INFO     | scanner | Health check complete: 4/4 UP
2026-02-01 16:12:04 | INFO     | scanner | Health check complete: 4 UP, 0 DOWN, 0 DEGRADED, 0 alerts in 3.15s
2026-02-01 16:13:04 | INFO     | scanner | Starting health check on 4 devices
2026-02-01 16:13:04 | INFO     | scanner | Health check on 4 devices
2026-02-01 16:13:07 | INFO     | scanner | Health check complete: 4/4 UP
2026-02-01 16:13:07 | INFO     | scanner | Health check complete: 4 UP, 0 DOWN, 0 DEGRADED, 0 alerts in 3.45s
2026-02-01 16:14:07 | INFO     | scanner | Starting health check on 4 devices
2026-02-01 16:14:07 | INFO     | scanner | Health check on 4 devices
2026-02-01 16:14:12 | INFO     | scanner | Health check complete: 3/4 UP
2026-02-01 16:14:12 | INFO     | scanner | Health check complete: 4 UP, 0 DOWN, 0 DEGRADED, 0 alerts in 4.96s
2026-02-01 16:15:12 | INFO     | scanner | Starting health check on 4 devices
2026-02-01 16:15:12 | INFO     | scanner | Health check on 4 devices
2026-02-01 16:15:16 | INFO     | scanner | Health check complete: 4/4 UP
2026-02-01 16:15:16 | INFO     | scanner | Health check complete: 4 UP, 0 DOWN, 0 DEGRADED, 0 alerts in 3.18s
2026-02-01 16:16:16 | INFO     | scanner | Starting health check on 4 devices
2026-02-01 16:16:16 | INFO     | scanner | Health check on 4 devices
2026-02-01 16:16:19 | INFO     | scanner | Health check complete: 4/4 UP
2026-02-01 16:16:19 | INFO     | scanner | Health check complete: 4 UP, 0 DOWN, 0 DEGRADED, 0 alerts in 3.17s
2026-02-01 16:17:19 | INFO     | scanner | Starting health check on 4 devices
2026-02-01 16:17:19 | INFO     | scanner | Health check on 4 devices
2026-02-01 16:17:22 | INFO     | scanner | Health check complete: 4/4 UP
2026-02-01 16:17:22 | INFO     | scanner | Health check complete: 4 UP, 0 DOWN, 0 DEGRADED, 0 alerts in 3.54s
2026-02-01 16:18:22 | INFO     | scanner | Starting health check on 4 devices
2026-02-01 16:18:22 | INFO     | scanner | Health check on 4 devices
2026-02-01 16:18:26 | INFO     | scanner | Health check complete: 4/4 UP
2026-02-01 16:18:26 | INFO     | scanner | Health check complete: 4 UP, 0 DOWN, 0 DEGRADED, 0 alerts in 3.35s
2026-02-01 16:19:26 | INFO     | scanner | Starting health check on 4 devices
2026-02-01 16:19:26 | INFO     | scanner | Health check on 4 devices
2026-02-01 16:19:29 | INFO     | scanner | Health check complete: 4/4 UP
2026-02-01 16:19:29 | INFO     | scanner | Health check complete: 4 UP, 0 DOWN, 0 DEGRADED, 0 alerts in 3.55s
2026-02-01 16:20:29 | INFO     | scanner | Starting health check on 4 devices
2026-02-01 16:20:29 | INFO     | scanner | Health check on 4 devices
2026-02-01 16:20:33 | INFO     | scanner | Health check complete: 4/4 UP
2026-02-01 16:20:33 | INFO     | scanner | Health check complete: 4 UP, 0 DOWN, 0 DEGRADED, 0 alerts in 3.13s
2026-02-01 16:21:33 | INFO     | scanner | Starting health check on 4 devices
2026-02-01 16:21:33 | INFO     | scanner | Health check on 4 devices
2026-02-01 16:21:36 | INFO     | scanner | Health check complete: 4/4 UP
2026-02-01 16:21:36 | INFO     | scanner | Health check complete: 4 UP, 0 DOWN, 0 DEGRADED, 0 alerts in 3.25s
2026-02-01 16:22:36 | INFO     | scanner | Starting health check on 4 devices
2026-02-01 16:22:36 | INFO     | scanner | Health check on 4 devices
2026-02-01 16:22:39 | INFO     | scanner | Health check complete: 4/4 UP
2026-02-01 16:22:39 | INFO     | scanner | Health check complete: 4 UP, 0 DOWN, 0 DEGRADED, 0 alerts in 3.27s
2026-02-01 16:23:39 | INFO     | scanner | Starting health check on 4 devices
2026-02-01 16:23:39 | INFO     | scanner | Health check on 4 devices
2026-02-01 16:23:42 | INFO     | scanner | Health check complete: 4/4 UP
2026-02-01 16:23:43 | INFO     | scanner | Health check complete: 4 UP, 0 DOWN, 0 DEGRADED, 0 alerts in 3.35s
2026-02-01 16:24:43 | INFO     | scanner | Starting health check on 4 devices
2026-02-01 16:24:43 | INFO     | scanner | Health check on 4 devices
2026-02-01 16:24:46 | INFO     | scanner | Health check complete: 4/4 UP
2026-02-01 16:24:46 | INFO     | scanner | Health check complete: 4 UP, 0 DOWN, 0 DEGRADED, 0 alerts in 3.16s
2026-02-01 16:25:46 | INFO     | scanner | Starting health check on 4 devices
2026-02-01 16:25:46 | INFO     | scanner | Health check on 4 devices
2026-02-01 16:25:52 | INFO     | scanner | Health check complete: 3/4 UP
2026-02-01 16:25:52 | INFO     | scanner | Health check complete: 4 UP, 0 DOWN, 0 DEGRADED, 0 alerts in 6.70s
2026-02-01 16:26:52 | INFO     | scanner | Starting health check on 4 devices
2026-02-01 16:26:52 | INFO     | scanner | Health check on 4 devices
2026-02-01 16:26:56 | INFO     | scanner | Health check complete: 4/4 UP
2026-02-01 16:26:56 | INFO     | scanner | Health check complete: 4 UP, 0 DOWN, 0 DEGRADED, 0 alerts in 3.42s
2026-02-01 16:27:56 | INFO     | scanner | Starting health check on 4 devices
2026-02-01 16:27:56 | INFO     | scanner | Health check on 4 devices
2026-02-01 16:27:59 | INFO     | scanner | Health check complete: 4/4 UP
2026-02-01 16:27:59 | INFO     | scanner | Health check complete: 4 UP, 0 DOWN, 0 DEGRADED, 0 alerts in 3.28s
2026-02-01 16:28:59 | INFO     | scanner | Starting health check on 4 devices
2026-02-01 16:28:59 | INFO     | scanner | Health check on 4 devices
2026-02-01 16:29:02 | INFO     | scanner | Health check complete: 4/4 UP
2026-02-01 16:29:03 | INFO     | scanner | Health check complete: 4 UP, 0 DOWN, 0 DEGRADED, 0 alerts in 3.33s
2026-02-01 16:30:03 | INFO     | scanner | Starting health check on 4 devices
2026-02-01 16:30:03 | INFO     | scanner | Health check on 4 devices
2026-02-01 16:30:06 | INFO     | scanner | Health check complete: 4/4 UP
2026-02-01 16:30:06 | INFO     | scanner | Health check complete: 4 UP, 0 DOWN, 0 DEGRADED, 0 alerts in 3.26s
2026-02-01 16:31:06 | INFO     | scanner | Starting health check on 4 devices
2026-02-01 16:31:06 | INFO     | scanner | Health check on 4 devices
2026-02-01 16:31:16 | INFO     | scanner | Health check complete: 3/4 UP
2026-02-01 16:31:16 | INFO     | scanner | Health check complete: 4 UP, 0 DOWN, 0 DEGRADED, 0 alerts in 10.61s
2026-02-01 16:32:16 | INFO     | scanner | Starting health check on 4 devices
2026-02-01 16:32:16 | INFO     | scanner | Health check on 4 devices
2026-02-01 16:32:24 | INFO     | scanner | Health check complete: 3/4 UP
2026-02-01 16:32:24 | INFO     | scanner | Health check complete: 3 UP, 1 DOWN, 0 DEGRADED, 0 alerts in 7.45s
2026-02-01 16:33:24 | INFO     | scanner | Starting health check on 4 devices
2026-02-01 16:33:24 | INFO     | scanner | Health check on 4 devices
2026-02-01 16:33:31 | INFO     | scanner | Health check complete: 3/4 UP
2026-02-01 16:33:31 | INFO     | scanner | Health check complete: 3 UP, 1 DOWN, 0 DEGRADED, 0 alerts in 7.47s
2026-02-01 16:34:31 | INFO     | scanner | Starting health check on 4 devices
2026-02-01 16:34:31 | INFO     | scanner | Health check on 4 devices
2026-02-01 16:34:35 | INFO     | scanner | Health check complete: 3/4 UP
2026-02-01 16:34:35 | INFO     | scanner | Health check complete: 3 UP, 1 DOWN, 0 DEGRADED, 0 alerts in 3.95s
2026-02-01 16:35:35 | INFO     | scanner | Starting health check on 4 devices
2026-02-01 16:35:35 | INFO     | scanner | Health check on 4 devices
2026-02-01 16:35:39 | INFO     | scanner | Health check complete: 4/4 UP
2026-02-01 16:35:39 | INFO     | scanner | Health check complete: 4 UP, 0 DOWN, 0 DEGRADED, 0 alerts in 3.32s
2026-02-01 16:36:39 | INFO     | scanner | Starting health check on 4 devices
2026-02-01 16:36:39 | INFO     | scanner | Health check on 4 devices
2026-02-01 16:36:42 | INFO     | scanner | Health check complete: 4/4 UP
2026-02-01 16:36:42 | INFO     | scanner | Health check complete: 4 UP, 0 DOWN, 0 DEGRADED, 0 alerts in 3.16s
2026-02-01 16:37:42 | INFO     | scanner | Starting health check on 4 devices
2026-02-01 16:37:42 | INFO     | scanner | Health check on 4 devices
2026-02-01 16:37:47 | INFO     | scanner | Health check complete: 3/4 UP
2026-02-01 16:37:47 | INFO     | scanner | Health check complete: 4 UP, 0 DOWN, 0 DEGRADED, 0 alerts in 5.03s
2026-02-01 16:38:47 | INFO     | scanner | Starting health check on 4 devices
2026-02-01 16:38:47 | INFO     | scanner | Health check on 4 devices
2026-02-01 16:38:50 | INFO     | scanner | Health check complete: 4/4 UP
2026-02-01 16:38:50 | INFO     | scanner | Health check complete: 4 UP, 0 DOWN, 0 DEGRADED, 0 alerts in 3.56s
2026-02-01 16:39:50 | INFO     | scanner | Starting health check on 4 devices
2026-02-01 16:39:50 | INFO     | scanner | Health check on 4 devices
2026-02-01 16:39:55 | INFO     | scanner | Health check complete: 3/4 UP
2026-02-01 16:39:55 | INFO     | scanner | Health check complete: 4 UP, 0 DOWN, 0 DEGRADED, 0 alerts in 5.01s
2026-02-01 16:40:35 | WARNING  | scanner | pysnmp not available - SNMP polling disabled
2026-02-01 16:40:35 | WARNING  | scanner | SNMPPoller initialized but pysnmp is not installed
2026-02-01 16:40:35 | INFO     | scanner | Starting health check on 4 devices
2026-02-01 16:40:35 | INFO     | scanner | Health check on 4 devices
2026-02-01 16:40:39 | INFO     | scanner | Health check complete: 4/4 UP
2026-02-01 16:40:39 | INFO     | scanner | Health check complete: 4 UP, 0 DOWN, 0 DEGRADED, 0 alerts in 3.11s
2026-02-01 16:41:36 | WARNING  | scanner | pysnmp not available - SNMP polling disabled
2026-02-01 16:41:36 | WARNING  | scanner | SNMPPoller initialized but pysnmp is not installed
2026-02-01 16:41:37 | INFO     | scanner | Starting health check on 4 devices
2026-02-01 16:41:37 | INFO     | scanner | Health check on 4 devices
2026-02-01 16:41:41 | WARNING  | scanner | pysnmp not available - SNMP polling disabled
2026-02-01 16:41:41 | WARNING  | scanner | SNMPPoller initialized but pysnmp is not installed
2026-02-01 16:41:41 | INFO     | scanner | Starting health check on 4 devices
2026-02-01 16:41:41 | INFO     | scanner | Health check on 4 devices
2026-02-01 16:41:45 | INFO     | scanner | Health check complete: 4/4 UP
2026-02-01 16:41:45 | INFO     | scanner | Health check complete: 4 UP, 0 DOWN, 0 DEGRADED, 0 alerts in 3.39s
2026-02-01 16:42:03 | WARNING  | scanner | pysnmp not available - SNMP polling disabled
2026-02-01 16:42:03 | WARNING  | scanner | SNMPPoller initialized but pysnmp is not installed
2026-02-01 16:42:35 | WARNING  | scanner | pysnmp not available - SNMP polling disabled
2026-02-01 16:42:35 | WARNING  | scanner | SNMPPoller initialized but pysnmp is not installed
2026-02-01 16:42:47 | WARNING  | scanner | pysnmp not available - SNMP polling disabled
2026-02-01 16:42:47 | WARNING  | scanner | SNMPPoller initialized but pysnmp is not installed
2026-02-01 16:42:59 | WARNING  | scanner | pysnmp not available - SNMP polling disabled
2026-02-01 16:42:59 | WARNING  | scanner | SNMPPoller initialized but pysnmp is not installed
2026-02-01 16:45:42 | WARNING  | scanner | pysnmp not available - SNMP polling disabled
2026-02-01 16:45:42 | WARNING  | scanner | SNMPPoller initialized but pysnmp is not installed
2026-02-01 16:46:08 | WARNING  | scanner | pysnmp not available - SNMP polling disabled
2026-02-01 16:46:08 | WARNING  | scanner | SNMPPoller initialized but pysnmp is not installed
2026-02-01 16:55:06 | WARNING  | scanner | pysnmp not available - SNMP polling disabled
2026-02-01 16:55:06 | WARNING  | scanner | SNMPPoller initialized but pysnmp is not installed
2026-02-01 16:56:06 | WARNING  | scanner | pysnmp not available - SNMP polling disabled
2026-02-01 16:56:06 | WARNING  | scanner | SNMPPoller initialized but pysnmp is not installed
2026-02-01 16:57:12 | WARNING  | scanner | pysnmp not available - SNMP polling disabled
2026-02-01 16:57:12 | WARNING  | scanner | SNMPPoller initialized but pysnmp is not installed
2026-02-01 16:59:34 | WARNING  | scanner | pysnmp not available - SNMP polling disabled
2026-02-01 16:59:34 | WARNING  | scanner | SNMPPoller initialized but pysnmp is not installed
2026-02-01 16:59:34 | WARNING  | scanner | pysnmp not available - SNMP polling disabled
2026-02-01 16:59:34 | WARNING  | scanner | SNMPPoller initialized but pysnmp is not installed
2026-02-01 16:59:34 | WARNING  | scanner | pysnmp not available - SNMP polling disabled
2026-02-01 16:59:34 | WARNING  | scanner | pysnmp not available - SNMP polling disabled
2026-02-01 16:59:34 | WARNING  | scanner | SNMPPoller initialized but pysnmp is not installed
2026-02-01 16:59:34 | WARNING  | scanner | SNMPPoller initialized but pysnmp is not installed
2026-02-01 16:59:34 | INFO     | scanner | Starting health check on 4 devices
2026-02-01 16:59:34 | INFO     | scanner | Health check on 4 devices
2026-02-01 16:59:35 | WARNING  | scanner | pysnmp not available - SNMP polling disabled
2026-02-01 16:59:35 | WARNING  | scanner | SNMPPoller initialized but pysnmp is not installed
2026-02-01 16:59:35 | WARNING  | scanner | pysnmp not available - SNMP polling disabled
2026-02-01 16:59:35 | WARNING  | scanner | SNMPPoller initialized but pysnmp is not installed
2026-02-01 16:59:35 | WARNING  | scanner | pysnmp not available - SNMP polling disabled
2026-02-01 16:59:35 | WARNING  | scanner | SNMPPoller initialized but pysnmp is not installed
2026-02-01 16:59:35 | WARNING  | scanner | pysnmp not available - SNMP polling disabled
2026-02-01 16:59:36 | WARNING  | scanner | SNMPPoller initialized but pysnmp is not installed
2026-02-01 16:59:36 | INFO     | scanner | Starting health check on 4 devices
2026-02-01 16:59:36 | INFO     | scanner | Health check on 4 devices
2026-02-01 16:59:36 | INFO     | scanner | Starting health check on 4 devices
2026-02-01 16:59:36 | INFO     | scanner | Health check on 4 devices
2026-02-01 16:59:36 | INFO     | scanner | Starting health check on 4 devices
2026-02-01 16:59:36 | INFO     | scanner | Health check on 4 devices
2026-02-01 16:59:36 | INFO     | scanner | Starting health check on 4 devices
2026-02-01 16:59:37 | INFO     | scanner | Health check on 4 devices
2026-02-01 16:59:37 | INFO     | scanner | Starting health check on 4 devices
2026-02-01 16:59:37 | INFO     | scanner | Health check on 4 devices
2026-02-01 16:59:37 | INFO     | scanner | Starting health check on 4 devices
2026-02-01 16:59:37 | INFO     | scanner | Health check on 4 devices
2026-02-01 16:59:37 | INFO     | scanner | Starting health check on 4 devices
2026-02-01 16:59:37 | INFO     | scanner | Health check on 4 devices
2026-02-01 16:59:38 | INFO     | scanner | Health check complete: 4/4 UP
2026-02-01 16:59:38 | INFO     | scanner | Health check complete: 4 UP, 0 DOWN, 0 DEGRADED, 0 alerts in 3.70s
2026-02-01 16:59:40 | INFO     | scanner | Health check complete: 4/4 UP
2026-02-01 16:59:40 | INFO     | scanner | Health check complete: 4/4 UP
2026-02-01 16:59:40 | INFO     | scanner | Health check complete: 4/4 UP
2026-02-01 16:59:40 | INFO     | scanner | Health check complete: 4/4 UP
2026-02-01 16:59:41 | INFO     | scanner | Health check complete: 4 UP, 0 DOWN, 0 DEGRADED, 0 alerts in 4.35s
2026-02-01 16:59:41 | INFO     | scanner | Health check complete: 4 UP, 0 DOWN, 0 DEGRADED, 0 alerts in 3.71s
2026-02-01 16:59:41 | INFO     | scanner | Health check complete: 4 UP, 0 DOWN, 0 DEGRADED, 0 alerts in 4.33s
2026-02-01 16:59:41 | INFO     | scanner | Health check complete: 4 UP, 0 DOWN, 0 DEGRADED, 0 alerts in 3.49s
2026-02-01 16:59:42 | INFO     | scanner | Health check complete: 3/4 UP
2026-02-01 16:59:42 | INFO     | scanner | Health check complete: 3/4 UP
2026-02-01 16:59:42 | INFO     | scanner | Health check complete: 4 UP, 0 DOWN, 0 DEGRADED, 0 alerts in 5.66s
2026-02-01 16:59:42 | INFO     | scanner | Health check complete: 4 UP, 0 DOWN, 0 DEGRADED, 0 alerts in 5.53s
2026-02-01 16:59:43 | INFO     | scanner | Health check complete: 3/4 UP
2026-02-01 16:59:43 | INFO     | scanner | Health check complete: 4 UP, 0 DOWN, 0 DEGRADED, 0 alerts in 5.21s
2026-02-01 16:59:43 | WARNING  | scanner | pysnmp not available - SNMP polling disabled
2026-02-01 16:59:43 | WARNING  | scanner | SNMPPoller initialized but pysnmp is not installed
2026-02-01 16:59:43 | INFO     | scanner | Starting health check on 4 devices
2026-02-01 16:59:43 | INFO     | scanner | Health check on 4 devices
2026-02-01 16:59:50 | INFO     | scanner | Health check complete: 3/4 UP
2026-02-01 16:59:50 | INFO     | scanner | Health check complete: 3 UP, 1 DOWN, 0 DEGRADED, 0 alerts in 6.91s
2026-02-01 17:00:38 | INFO     | scanner | Starting health check on 4 devices
2026-02-01 17:00:38 | INFO     | scanner | Health check on 4 devices
2026-02-01 17:00:41 | INFO     | scanner | Starting health check on 4 devices
2026-02-01 17:00:41 | INFO     | scanner | Health check on 4 devices
2026-02-01 17:00:41 | INFO     | scanner | Starting health check on 4 devices
2026-02-01 17:00:41 | INFO     | scanner | Health check on 4 devices
2026-02-01 17:00:41 | INFO     | scanner | Starting health check on 4 devices
2026-02-01 17:00:41 | INFO     | scanner | Health check on 4 devices
2026-02-01 17:00:41 | INFO     | scanner | Starting health check on 4 devices
2026-02-01 17:00:41 | INFO     | scanner | Health check on 4 devices
2026-02-01 17:00:42 | INFO     | scanner | Starting health check on 4 devices
2026-02-01 17:00:42 | INFO     | scanner | Starting health check on 4 devices
2026-02-01 17:00:42 | INFO     | scanner | Health check on 4 devices
2026-02-01 17:00:42 | INFO     | scanner | Health check on 4 devices
2026-02-01 17:00:43 | INFO     | scanner | Starting health check on 4 devices
2026-02-01 17:00:43 | INFO     | scanner | Health check on 4 devices
2026-02-01 17:00:43 | INFO     | scanner | Health check complete: 3/4 UP
2026-02-01 17:00:43 | INFO     | scanner | Health check complete: 3 UP, 1 DOWN, 0 DEGRADED, 0 alerts in 4.82s
2026-02-01 17:00:47 | INFO     | scanner | Health check complete: 3/4 UP
2026-02-01 17:00:47 | INFO     | scanner | Health check complete: 3/4 UP
2026-02-01 17:00:47 | INFO     | scanner | Health check complete: 3 UP, 1 DOWN, 0 DEGRADED, 0 alerts in 6.65s
2026-02-01 17:00:47 | INFO     | scanner | Health check complete: 3 UP, 1 DOWN, 0 DEGRADED, 0 alerts in 6.67s
2026-02-01 17:00:49 | INFO     | scanner | Health check complete: 3/4 UP
2026-02-01 17:00:49 | INFO     | scanner | Health check complete: 3/4 UP
2026-02-01 17:00:49 | INFO     | scanner | Health check complete: 3 UP, 1 DOWN, 0 DEGRADED, 0 alerts in 6.80s
2026-02-01 17:00:49 | INFO     | scanner | Health check complete: 3 UP, 1 DOWN, 0 DEGRADED, 0 alerts in 8.63s
2026-02-01 17:00:50 | INFO     | scanner | Health check complete: 3/4 UP
2026-02-01 17:00:50 | INFO     | scanner | Health check complete: 3 UP, 1 DOWN, 0 DEGRADED, 0 alerts in 9.12s
2026-02-01 17:00:50 | INFO     | scanner | Starting health check on 4 devices
2026-02-01 17:00:50 | INFO     | scanner | Health check on 4 devices
2026-02-01 17:00:53 | INFO     | scanner | Health check complete: 3/4 UP
2026-02-01 17:00:53 | INFO     | scanner | Health check complete: 3/4 UP
2026-02-01 17:00:53 | INFO     | scanner | Health check complete: 3 UP, 1 DOWN, 0 DEGRADED, 0 alerts in 10.92s
2026-02-01 17:00:53 | INFO     | scanner | Health check complete: 3 UP, 1 DOWN, 0 DEGRADED, 0 alerts in 10.93s
2026-02-01 17:00:53 | INFO     | scanner | Health check complete: 4/4 UP
2026-02-01 17:00:53 | INFO     | scanner | Health check complete: 4 UP, 0 DOWN, 0 DEGRADED, 0 alerts in 3.37s
2026-02-01 17:01:43 | INFO     | scanner | Starting health check on 4 devices
2026-02-01 17:01:43 | INFO     | scanner | Health check on 4 devices
2026-02-01 17:01:47 | INFO     | scanner | Starting health check on 4 devices
2026-02-01 17:01:47 | INFO     | scanner | Health check on 4 devices
2026-02-01 17:01:47 | INFO     | scanner | Starting health check on 4 devices
2026-02-01 17:01:47 | INFO     | scanner | Health check on 4 devices
2026-02-01 17:01:48 | INFO     | scanner | Health check complete: 3/4 UP
2026-02-01 17:01:48 | INFO     | scanner | Health check complete: 4 UP, 0 DOWN, 0 DEGRADED, 0 alerts in 5.02s
2026-02-01 17:01:49 | INFO     | scanner | Starting health check on 4 devices
2026-02-01 17:01:49 | INFO     | scanner | Health check on 4 devices
2026-02-01 17:01:49 | INFO     | scanner | Starting health check on 4 devices
2026-02-01 17:01:49 | INFO     | scanner | Health check on 4 devices
2026-02-01 17:01:50 | INFO     | scanner | Starting health check on 4 devices
2026-02-01 17:01:50 | INFO     | scanner | Health check on 4 devices
2026-02-01 17:01:51 | INFO     | scanner | Health check complete: 4/4 UP
2026-02-01 17:01:51 | INFO     | scanner | Health check complete: 4/4 UP
2026-02-01 17:01:51 | INFO     | scanner | Health check complete: 4 UP, 0 DOWN, 0 DEGRADED, 0 alerts in 3.28s
2026-02-01 17:01:51 | INFO     | scanner | Health check complete: 4 UP, 0 DOWN, 0 DEGRADED, 0 alerts in 3.27s
2026-02-01 17:01:53 | INFO     | scanner | Starting health check on 4 devices
2026-02-01 17:01:53 | INFO     | scanner | Health check on 4 devices
2026-02-01 17:01:53 | INFO     | scanner | Starting health check on 4 devices
2026-02-01 17:01:53 | INFO     | scanner | Health check on 4 devices
2026-02-01 17:01:53 | INFO     | scanner | Starting health check on 4 devices
2026-02-01 17:01:53 | INFO     | scanner | Health check on 4 devices
2026-02-01 17:01:54 | INFO     | scanner | Health check complete: 3/4 UP
2026-02-01 17:01:54 | INFO     | scanner | Health check complete: 3/4 UP
2026-02-01 17:01:54 | INFO     | scanner | Health check complete: 3 UP, 1 DOWN, 0 DEGRADED, 0 alerts in 4.98s
2026-02-01 17:01:54 | INFO     | scanner | Health check complete: 3 UP, 1 DOWN, 0 DEGRADED, 0 alerts in 4.98s
2026-02-01 17:01:55 | INFO     | scanner | Health check complete: 3/4 UP
2026-02-01 17:01:55 | INFO     | scanner | Health check complete: 3 UP, 1 DOWN, 0 DEGRADED, 0 alerts in 5.00s
2026-02-01 17:01:57 | INFO     | scanner | Health check complete: 4/4 UP
2026-02-01 17:01:57 | INFO     | scanner | Health check complete: 4 UP, 0 DOWN, 0 DEGRADED, 0 alerts in 3.24s
2026-02-01 17:02:04 | INFO     | scanner | Health check complete: 3/4 UP
2026-02-01 17:02:04 | INFO     | scanner | Health check complete: 3/4 UP
2026-02-01 17:02:04 | INFO     | scanner | Health check complete: 3 UP, 1 DOWN, 0 DEGRADED, 0 alerts in 10.92s
2026-02-01 17:02:04 | INFO     | scanner | Health check complete: 3 UP, 1 DOWN, 0 DEGRADED, 0 alerts in 10.95s
2026-02-01 17:04:24 | WARNING  | scanner | pysnmp not available - SNMP polling disabled
2026-02-01 17:04:24 | WARNING  | scanner | SNMPPoller initialized but pysnmp is not installed
2026-02-01 17:05:00 | WARNING  | scanner | pysnmp not available - SNMP polling disabled
2026-02-01 17:05:00 | WARNING  | scanner | SNMPPoller initialized but pysnmp is not installed
2026-02-01 17:05:00 | INFO     | scanner | Starting health check on 4 devices
2026-02-01 17:05:00 | INFO     | scanner | Health check on 4 devices
2026-02-01 17:05:05 | INFO     | scanner | Health check complete: 3/4 UP
2026-02-01 17:05:05 | INFO     | scanner | Health check complete: 3 UP, 1 DOWN, 0 DEGRADED, 0 alerts in 4.92s
2026-02-01 17:10:51 | WARNING  | scanner | pysnmp not available - SNMP polling disabled
2026-02-01 17:10:51 | WARNING  | scanner | SNMPPoller initialized but pysnmp is not installed
2026-02-01 17:10:51 | INFO     | scanner | Starting health check on 4 devices
2026-02-01 17:10:51 | INFO     | scanner | Health check on 4 devices
2026-02-01 17:10:54 | INFO     | scanner | Health check complete: 4/4 UP
2026-02-01 17:10:54 | INFO     | scanner | Health check complete: 4 UP, 0 DOWN, 0 DEGRADED, 0 alerts in 3.60s
2026-02-01 17:11:54 | INFO     | scanner | Starting health check on 4 devices
2026-02-01 17:11:54 | INFO     | scanner | Health check on 4 devices
2026-02-01 17:11:58 | INFO     | scanner | Health check complete: 4/4 UP
2026-02-01 17:11:58 | INFO     | scanner | Health check complete: 4 UP, 0 DOWN, 0 DEGRADED, 0 alerts in 3.28s
2026-02-01 17:12:58 | INFO     | scanner | Starting health check on 4 devices
2026-02-01 17:12:58 | INFO     | scanner | Health check on 4 devices
2026-02-01 17:13:01 | INFO     | scanner | Health check complete: 4/4 UP
2026-02-01 17:13:01 | INFO     | scanner | Health check complete: 4 UP, 0 DOWN, 0 DEGRADED, 0 alerts in 3.26s
2026-02-01 17:14:01 | INFO     | scanner | Starting health check on 4 devices
2026-02-01 17:14:01 | INFO     | scanner | Health check on 4 devices
2026-02-01 17:14:04 | INFO     | scanner | Health check complete: 4/4 UP
2026-02-01 17:14:04 | INFO     | scanner | Health check complete: 4 UP, 0 DOWN, 0 DEGRADED, 0 alerts in 3.23s
2026-02-01 17:15:04 | INFO     | scanner | Starting health check on 4 devices
2026-02-01 17:15:04 | INFO     | scanner | Health check on 4 devices
2026-02-01 17:15:08 | INFO     | scanner | Health check complete: 4/4 UP
2026-02-01 17:15:08 | INFO     | scanner | Health check complete: 4 UP, 0 DOWN, 0 DEGRADED, 0 alerts in 3.26s
2026-02-01 17:16:08 | INFO     | scanner | Starting health check on 4 devices
2026-02-01 17:16:08 | INFO     | scanner | Health check on 4 devices
2026-02-01 17:16:11 | INFO     | scanner | Health check complete: 4/4 UP
2026-02-01 17:16:11 | INFO     | scanner | Health check complete: 4 UP, 0 DOWN, 0 DEGRADED, 0 alerts in 3.49s
2026-02-01 17:17:11 | INFO     | scanner | Starting health check on 4 devices
2026-02-01 17:17:11 | INFO     | scanner | Health check on 4 devices
2026-02-01 17:17:14 | INFO     | scanner | Health check complete: 4/4 UP
2026-02-01 17:17:14 | INFO     | scanner | Health check complete: 4 UP, 0 DOWN, 0 DEGRADED, 0 alerts in 3.37s
2026-02-01 17:18:14 | INFO     | scanner | Starting health check on 4 devices
2026-02-01 17:18:14 | INFO     | scanner | Health check on 4 devices
2026-02-01 17:18:18 | INFO     | scanner | Health check complete: 4/4 UP
2026-02-01 17:18:18 | INFO     | scanner | Health check complete: 4 UP, 0 DOWN, 0 DEGRADED, 0 alerts in 3.57s
2026-02-01 17:19:18 | INFO     | scanner | Starting health check on 4 devices
2026-02-01 17:19:18 | INFO     | scanner | Health check on 4 devices
2026-02-01 17:19:21 | INFO     | scanner | Health check complete: 4/4 UP
2026-02-01 17:19:21 | INFO     | scanner | Health check complete: 4 UP, 0 DOWN, 0 DEGRADED, 0 alerts in 3.14s
2026-02-01 17:20:21 | INFO     | scanner | Starting health check on 4 devices
2026-02-01 17:20:21 | INFO     | scanner | Health check on 4 devices
2026-02-01 17:20:24 | INFO     | scanner | Health check complete: 4/4 UP
2026-02-01 17:20:24 | INFO     | scanner | Health check complete: 4 UP, 0 DOWN, 0 DEGRADED, 0 alerts in 3.20s
2026-02-01 17:21:24 | INFO     | scanner | Starting health check on 4 devices
2026-02-01 17:21:24 | INFO     | scanner | Health check on 4 devices
2026-02-01 17:21:28 | INFO     | scanner | Health check complete: 4/4 UP
2026-02-01 17:21:28 | INFO     | scanner | Health check complete: 4 UP, 0 DOWN, 0 DEGRADED, 0 alerts in 3.54s
2026-02-01 17:22:28 | INFO     | scanner | Starting health check on 4 devices
2026-02-01 17:22:28 | INFO     | scanner | Health check on 4 devices
2026-02-01 17:22:39 | INFO     | scanner | Health check complete: 3/4 UP
2026-02-01 17:22:39 | INFO     | scanner | Health check complete: 4 UP, 0 DOWN, 0 DEGRADED, 0 alerts in 10.92s
2026-02-01 17:23:39 | INFO     | scanner | Starting health check on 4 devices
2026-02-01 17:23:39 | INFO     | scanner | Health check on 4 devices
2026-02-01 17:23:46 | INFO     | scanner | Health check complete: 3/4 UP
2026-02-01 17:23:46 | INFO     | scanner | Health check complete: 3 UP, 1 DOWN, 0 DEGRADED, 0 alerts in 7.45s
2026-02-01 17:24:46 | INFO     | scanner | Starting health check on 4 devices
2026-02-01 17:24:46 | INFO     | scanner | Health check on 4 devices
2026-02-01 17:24:54 | INFO     | scanner | Health check complete: 3/4 UP
2026-02-01 17:24:54 | INFO     | scanner | Health check complete: 3 UP, 1 DOWN, 0 DEGRADED, 0 alerts in 7.49s
2026-02-01 17:25:54 | INFO     | scanner | Starting health check on 4 devices
2026-02-01 17:25:54 | INFO     | scanner | Health check on 4 devices
2026-02-01 17:26:01 | INFO     | scanner | Health check complete: 3/4 UP
2026-02-01 17:26:01 | INFO     | scanner | Health check complete: 3 UP, 1 DOWN, 0 DEGRADED, 0 alerts in 7.46s
2026-02-01 17:27:01 | INFO     | scanner | Starting health check on 4 devices
2026-02-01 17:27:01 | INFO     | scanner | Health check on 4 devices
2026-02-01 17:27:09 | INFO     | scanner | Health check complete: 3/4 UP
2026-02-01 17:27:09 | INFO     | scanner | Health check complete: 3 UP, 1 DOWN, 0 DEGRADED, 0 alerts in 7.48s
2026-02-01 17:28:09 | INFO     | scanner | Starting health check on 4 devices
2026-02-01 17:28:09 | INFO     | scanner | Health check on 4 devices
2026-02-01 17:28:16 | INFO     | scanner | Health check complete: 3/4 UP
2026-02-01 17:28:16 | INFO     | scanner | Health check complete: 3 UP, 1 DOWN, 0 DEGRADED, 0 alerts in 7.48s
2026-02-01 17:29:16 | INFO     | scanner | Starting health check on 4 devices
2026-02-01 17:29:16 | INFO     | scanner | Health check on 4 devices
2026-02-01 17:29:27 | INFO     | scanner | Health check complete: 3/4 UP
2026-02-01 17:29:27 | INFO     | scanner | Health check complete: 3 UP, 1 DOWN, 0 DEGRADED, 0 alerts in 10.99s
2026-02-01 17:30:27 | INFO     | scanner | Starting health check on 4 devices
2026-02-01 17:30:27 | INFO     | scanner | Health check on 4 devices
2026-02-01 17:30:35 | INFO     | scanner | Health check complete: 3/4 UP
2026-02-01 17:30:35 | INFO     | scanner | Health check complete: 3 UP, 1 DOWN, 0 DEGRADED, 0 alerts in 7.48s
2026-02-01 17:31:35 | INFO     | scanner | Starting health check on 4 devices
2026-02-01 17:31:35 | INFO     | scanner | Health check on 4 devices
2026-02-01 17:31:42 | INFO     | scanner | Health check complete: 3/4 UP
2026-02-01 17:31:42 | INFO     | scanner | Health check complete: 3 UP, 1 DOWN, 0 DEGRADED, 0 alerts in 7.49s
2026-02-01 17:32:42 | INFO     | scanner | Starting health check on 4 devices
2026-02-01 17:32:42 | INFO     | scanner | Health check on 4 devices
2026-02-01 17:32:50 | INFO     | scanner | Health check complete: 3/4 UP
2026-02-01 17:32:50 | INFO     | scanner | Health check complete: 3 UP, 1 DOWN, 0 DEGRADED, 0 alerts in 7.49s
2026-02-01 17:33:50 | INFO     | scanner | Starting health check on 4 devices
2026-02-01 17:33:50 | INFO     | scanner | Health check on 4 devices
2026-02-01 17:33:57 | INFO     | scanner | Health check complete: 3/4 UP
2026-02-01 17:33:57 | INFO     | scanner | Health check complete: 3 UP, 1 DOWN, 0 DEGRADED, 0 alerts in 7.46s
2026-02-01 17:34:57 | INFO     | scanner | Starting health check on 4 devices
2026-02-01 17:34:57 | INFO     | scanner | Health check on 4 devices
2026-02-01 17:35:05 | INFO     | scanner | Health check complete: 3/4 UP
2026-02-01 17:35:05 | INFO     | scanner | Health check complete: 3 UP, 1 DOWN, 0 DEGRADED, 0 alerts in 7.46s
2026-02-01 17:36:05 | INFO     | scanner | Starting health check on 4 devices
2026-02-01 17:36:05 | INFO     | scanner | Health check on 4 devices
2026-02-01 17:36:12 | INFO     | scanner | Health check complete: 3/4 UP
2026-02-01 17:36:12 | INFO     | scanner | Health check complete: 3 UP, 1 DOWN, 0 DEGRADED, 0 alerts in 7.49s
2026-02-01 17:37:12 | INFO     | scanner | Starting health check on 4 devices
2026-02-01 17:37:12 | INFO     | scanner | Health check on 4 devices
2026-02-01 17:37:23 | INFO     | scanner | Health check complete: 3/4 UP
2026-02-01 17:37:23 | INFO     | scanner | Health check complete: 3 UP, 1 DOWN, 0 DEGRADED, 0 alerts in 10.98s
2026-02-01 17:38:23 | INFO     | scanner | Starting health check on 4 devices
2026-02-01 17:38:23 | INFO     | scanner | Health check on 4 devices
2026-02-01 17:38:31 | INFO     | scanner | Health check complete: 3/4 UP
2026-02-01 17:38:31 | INFO     | scanner | Health check complete: 3 UP, 1 DOWN, 0 DEGRADED, 0 alerts in 7.48s
2026-02-01 17:39:31 | INFO     | scanner | Starting health check on 4 devices
2026-02-01 17:39:31 | INFO     | scanner | Health check on 4 devices
2026-02-01 17:39:38 | INFO     | scanner | Health check complete: 3/4 UP
2026-02-01 17:39:38 | INFO     | scanner | Health check complete: 3 UP, 1 DOWN, 0 DEGRADED, 0 alerts in 7.49s
2026-02-01 17:40:38 | INFO     | scanner | Starting health check on 4 devices
2026-02-01 17:40:38 | INFO     | scanner | Health check on 4 devices
2026-02-01 17:40:46 | INFO     | scanner | Health check complete: 3/4 UP
2026-02-01 17:40:46 | INFO     | scanner | Health check complete: 3 UP, 1 DOWN, 0 DEGRADED, 0 alerts in 7.46s
2026-02-01 17:41:46 | INFO     | scanner | Starting health check on 4 devices
2026-02-01 17:41:46 | INFO     | scanner | Health check on 4 devices
2026-02-01 17:41:53 | INFO     | scanner | Health check complete: 3/4 UP
2026-02-01 17:41:53 | INFO     | scanner | Health check complete: 3 UP, 1 DOWN, 0 DEGRADED, 0 alerts in 7.51s
2026-02-01 17:42:53 | INFO     | scanner | Starting health check on 4 devices
2026-02-01 17:42:53 | INFO     | scanner | Health check on 4 devices
2026-02-01 17:43:01 | INFO     | scanner | Health check complete: 3/4 UP
2026-02-01 17:43:01 | INFO     | scanner | Health check complete: 3 UP, 1 DOWN, 0 DEGRADED, 0 alerts in 7.47s
2026-02-01 17:44:01 | INFO     | scanner | Starting health check on 4 devices
2026-02-01 17:44:01 | INFO     | scanner | Health check on 4 devices
2026-02-01 17:44:08 | INFO     | scanner | Health check complete: 3/4 UP
2026-02-01 17:44:08 | INFO     | scanner | Health check complete: 3 UP, 1 DOWN, 0 DEGRADED, 0 alerts in 7.47s
2026-02-01 17:45:08 | INFO     | scanner | Starting health check on 4 devices
2026-02-01 17:45:08 | INFO     | scanner | Health check on 4 devices
2026-02-01 17:45:16 | INFO     | scanner | Health check complete: 3/4 UP
2026-02-01 17:45:16 | INFO     | scanner | Health check complete: 3 UP, 1 DOWN, 0 DEGRADED, 0 alerts in 7.48s
2026-02-01 17:46:16 | INFO     | scanner | Starting health check on 4 devices
2026-02-01 17:46:16 | INFO     | scanner | Health check on 4 devices
2026-02-01 17:46:27 | INFO     | scanner | Health check complete: 3/4 UP
2026-02-01 17:46:27 | INFO     | scanner | Health check complete: 3 UP, 1 DOWN, 0 DEGRADED, 0 alerts in 10.99s
2026-02-01 17:47:27 | INFO     | scanner | Starting health check on 4 devices
2026-02-01 17:47:27 | INFO     | scanner | Health check on 4 devices
2026-02-01 17:47:34 | INFO     | scanner | Health check complete: 3/4 UP
2026-02-01 17:47:34 | INFO     | scanner | Health check complete: 3 UP, 1 DOWN, 0 DEGRADED, 0 alerts in 7.46s
2026-02-01 17:48:34 | INFO     | scanner | Starting health check on 4 devices
2026-02-01 17:48:34 | INFO     | scanner | Health check on 4 devices
2026-02-01 17:48:42 | INFO     | scanner | Health check complete: 3/4 UP
2026-02-01 17:48:42 | INFO     | scanner | Health check complete: 3 UP, 1 DOWN, 0 DEGRADED, 0 alerts in 7.49s
2026-02-01 17:49:42 | INFO     | scanner | Starting health check on 4 devices
2026-02-01 17:49:42 | INFO     | scanner | Health check on 4 devices
2026-02-01 17:49:49 | INFO     | scanner | Health check complete: 3/4 UP
2026-02-01 17:49:49 | INFO     | scanner | Health check complete: 3 UP, 1 DOWN, 0 DEGRADED, 0 alerts in 7.48s
2026-02-01 17:50:49 | INFO     | scanner | Starting health check on 4 devices
2026-02-01 17:50:49 | INFO     | scanner | Health check on 4 devices
2026-02-01 17:50:57 | INFO     | scanner | Health check complete: 3/4 UP
2026-02-01 17:50:57 | INFO     | scanner | Health check complete: 3 UP, 1 DOWN, 0 DEGRADED, 0 alerts in 7.50s
2026-02-01 17:51:57 | INFO     | scanner | Starting health check on 4 devices
2026-02-01 17:51:57 | INFO     | scanner | Health check on 4 devices
2026-02-01 17:52:04 | INFO     | scanner | Health check complete: 3/4 UP
2026-02-01 17:52:04 | INFO     | scanner | Health check complete: 3 UP, 1 DOWN, 0 DEGRADED, 0 alerts in 7.53s
2026-02-01 17:53:04 | INFO     | scanner | Starting health check on 4 devices
2026-02-01 17:53:04 | INFO     | scanner | Health check on 4 devices
2026-02-01 17:53:12 | INFO     | scanner | Health check complete: 3/4 UP
2026-02-01 17:53:12 | INFO     | scanner | Health check complete: 3 UP, 1 DOWN, 0 DEGRADED, 0 alerts in 7.47s
2026-02-01 17:54:12 | INFO     | scanner | Starting health check on 4 devices
2026-02-01 17:54:12 | INFO     | scanner | Health check on 4 devices
2026-02-01 17:54:23 | INFO     | scanner | Health check complete: 3/4 UP
2026-02-01 17:54:23 | INFO     | scanner | Health check complete: 3 UP, 1 DOWN, 0 DEGRADED, 0 alerts in 10.97s
2026-02-01 17:55:23 | INFO     | scanner | Starting health check on 4 devices
2026-02-01 17:55:23 | INFO     | scanner | Health check on 4 devices
2026-02-01 17:55:30 | INFO     | scanner | Health check complete: 3/4 UP
2026-02-01 17:55:30 | INFO     | scanner | Health check complete: 3 UP, 1 DOWN, 0 DEGRADED, 0 alerts in 7.47s
2026-02-01 17:56:30 | INFO     | scanner | Starting health check on 4 devices
2026-02-01 17:56:30 | INFO     | scanner | Health check on 4 devices
2026-02-01 17:56:38 | INFO     | scanner | Health check complete: 3/4 UP
2026-02-01 17:56:38 | INFO     | scanner | Health check complete: 3 UP, 1 DOWN, 0 DEGRADED, 0 alerts in 7.50s
2026-02-01 17:57:38 | INFO     | scanner | Starting health check on 4 devices
2026-02-01 17:57:38 | INFO     | scanner | Health check on 4 devices
2026-02-01 17:57:45 | INFO     | scanner | Health check complete: 3/4 UP
2026-02-01 17:57:45 | INFO     | scanner | Health check complete: 3 UP, 1 DOWN, 0 DEGRADED, 0 alerts in 7.49s
2026-02-01 17:58:45 | INFO     | scanner | Starting health check on 4 devices
2026-02-01 17:58:45 | INFO     | scanner | Health check on 4 devices
2026-02-01 17:58:53 | INFO     | scanner | Health check complete: 3/4 UP
2026-02-01 17:58:53 | INFO     | scanner | Health check complete: 3 UP, 1 DOWN, 0 DEGRADED, 0 alerts in 7.47s
2026-02-01 17:59:53 | INFO     | scanner | Starting health check on 4 devices
2026-02-01 17:59:53 | INFO     | scanner | Health check on 4 devices
2026-02-01 18:00:00 | INFO     | scanner | Health check complete: 3/4 UP
2026-02-01 18:00:00 | INFO     | scanner | Health check complete: 3 UP, 1 DOWN, 0 DEGRADED, 0 alerts in 7.48s
2026-02-01 18:01:00 | INFO     | scanner | Starting health check on 4 devices
2026-02-01 18:01:00 | INFO     | scanner | Health check on 4 devices
2026-02-01 18:01:08 | INFO     | scanner | Health check complete: 3/4 UP
2026-02-01 18:01:08 | INFO     | scanner | Health check complete: 3 UP, 1 DOWN, 0 DEGRADED, 0 alerts in 7.49s
2026-02-01 18:02:08 | INFO     | scanner | Starting health check on 4 devices
2026-02-01 18:02:08 | INFO     | scanner | Health check on 4 devices
2026-02-01 18:02:15 | INFO     | scanner | Health check complete: 3/4 UP
2026-02-01 18:02:15 | INFO     | scanner | Health check complete: 3 UP, 1 DOWN, 0 DEGRADED, 0 alerts in 7.46s
2026-02-01 18:03:15 | INFO     | scanner | Starting health check on 4 devices
2026-02-01 18:03:15 | INFO     | scanner | Health check on 4 devices
2026-02-01 18:03:26 | INFO     | scanner | Health check complete: 2/4 UP
2026-02-01 18:03:26 | INFO     | scanner | Health check complete: 3 UP, 1 DOWN, 0 DEGRADED, 0 alerts in 10.98s
2026-02-01 18:04:26 | INFO     | scanner | Starting health check on 4 devices
2026-02-01 18:04:26 | INFO     | scanner | Health check on 4 devices
2026-02-01 18:04:34 | INFO     | scanner | Health check complete: 3/4 UP
2026-02-01 18:04:34 | INFO     | scanner | Health check complete: 3 UP, 1 DOWN, 0 DEGRADED, 0 alerts in 7.50s
2026-02-01 18:05:34 | INFO     | scanner | Starting health check on 4 devices
2026-02-01 18:05:34 | INFO     | scanner | Health check on 4 devices
2026-02-01 18:05:41 | INFO     | scanner | Health check complete: 3/4 UP
2026-02-01 18:05:41 | INFO     | scanner | Health check complete: 3 UP, 1 DOWN, 0 DEGRADED, 0 alerts in 7.50s
2026-02-01 18:06:41 | INFO     | scanner | Starting health check on 4 devices
2026-02-01 18:06:41 | INFO     | scanner | Health check on 4 devices
2026-02-01 18:06:49 | INFO     | scanner | Health check complete: 3/4 UP
2026-02-01 18:06:49 | INFO     | scanner | Health check complete: 3 UP, 1 DOWN, 0 DEGRADED, 0 alerts in 7.50s
2026-02-01 18:07:49 | INFO     | scanner | Starting health check on 4 devices
2026-02-01 18:07:49 | INFO     | scanner | Health check on 4 devices
2026-02-01 18:07:56 | INFO     | scanner | Health check complete: 3/4 UP
2026-02-01 18:07:56 | INFO     | scanner | Health check complete: 3 UP, 1 DOWN, 0 DEGRADED, 0 alerts in 7.52s
2026-02-01 18:08:56 | INFO     | scanner | Starting health check on 4 devices
2026-02-01 18:08:56 | INFO     | scanner | Health check on 4 devices
2026-02-01 18:09:04 | INFO     | scanner | Health check complete: 3/4 UP
2026-02-01 18:09:04 | INFO     | scanner | Health check complete: 3 UP, 1 DOWN, 0 DEGRADED, 0 alerts in 7.49s
2026-02-01 18:10:04 | INFO     | scanner | Starting health check on 4 devices
2026-02-01 18:10:04 | INFO     | scanner | Health check on 4 devices
2026-02-01 18:10:15 | INFO     | scanner | Health check complete: 2/4 UP
2026-02-01 18:10:15 | INFO     | scanner | Health check complete: 3 UP, 1 DOWN, 0 DEGRADED, 0 alerts in 11.00s
2026-02-01 18:11:15 | INFO     | scanner | Starting health check on 4 devices
2026-02-01 18:11:15 | INFO     | scanner | Health check on 4 devices
2026-02-01 18:11:22 | INFO     | scanner | Health check complete: 3/4 UP
2026-02-01 18:11:22 | INFO     | scanner | Health check complete: 3 UP, 1 DOWN, 0 DEGRADED, 0 alerts in 7.49s
2026-02-01 18:12:22 | INFO     | scanner | Starting health check on 4 devices
2026-02-01 18:12:22 | INFO     | scanner | Health check on 4 devices
2026-02-01 18:12:30 | INFO     | scanner | Health check complete: 3/4 UP
2026-02-01 18:12:30 | INFO     | scanner | Health check complete: 3 UP, 1 DOWN, 0 DEGRADED, 0 alerts in 7.49s
2026-02-01 18:13:30 | INFO     | scanner | Starting health check on 4 devices
2026-02-01 18:13:30 | INFO     | scanner | Health check on 4 devices
2026-02-01 18:13:37 | INFO     | scanner | Health check complete: 3/4 UP
2026-02-01 18:13:37 | INFO     | scanner | Health check complete: 3 UP, 1 DOWN, 0 DEGRADED, 0 alerts in 7.50s
2026-02-01 18:14:37 | INFO     | scanner | Starting health check on 4 devices
2026-02-01 18:14:37 | INFO     | scanner | Health check on 4 devices
2026-02-01 18:14:45 | INFO     | scanner | Health check complete: 3/4 UP
2026-02-01 18:14:45 | INFO     | scanner | Health check complete: 3 UP, 1 DOWN, 0 DEGRADED, 0 alerts in 7.50s
2026-02-01 18:15:45 | INFO     | scanner | Starting health check on 4 devices
2026-02-01 18:15:45 | INFO     | scanner | Health check on 4 devices
2026-02-01 18:15:52 | INFO     | scanner | Health check complete: 3/4 UP
2026-02-01 18:15:52 | INFO     | scanner | Health check complete: 3 UP, 1 DOWN, 0 DEGRADED, 0 alerts in 7.46s
2026-02-01 18:16:52 | INFO     | scanner | Starting health check on 4 devices
2026-02-01 18:16:52 | INFO     | scanner | Health check on 4 devices
2026-02-01 18:17:00 | INFO     | scanner | Health check complete: 3/4 UP
2026-02-01 18:17:00 | INFO     | scanner | Health check complete: 3 UP, 1 DOWN, 0 DEGRADED, 0 alerts in 7.48s
2026-02-01 18:18:00 | INFO     | scanner | Starting health check on 4 devices
2026-02-01 18:18:00 | INFO     | scanner | Health check on 4 devices
2026-02-01 18:18:07 | INFO     | scanner | Health check complete: 3/4 UP
2026-02-01 18:18:07 | INFO     | scanner | Health check complete: 3 UP, 1 DOWN, 0 DEGRADED, 0 alerts in 7.47s
2026-02-01 18:19:07 | INFO     | scanner | Starting health check on 4 devices
2026-02-01 18:19:07 | INFO     | scanner | Health check on 4 devices
2026-02-01 18:19:15 | INFO     | scanner | Health check complete: 3/4 UP
2026-02-01 18:19:15 | INFO     | scanner | Health check complete: 3 UP, 1 DOWN, 0 DEGRADED, 0 alerts in 7.49s
2026-02-01 18:20:15 | INFO     | scanner | Starting health check on 4 devices
2026-02-01 18:20:15 | INFO     | scanner | Health check on 4 devices
2026-02-01 18:20:26 | INFO     | scanner | Health check complete: 2/4 UP
2026-02-01 18:20:26 | INFO     | scanner | Health check complete: 3 UP, 1 DOWN, 0 DEGRADED, 0 alerts in 10.97s
2026-02-01 18:21:26 | INFO     | scanner | Starting health check on 4 devices
2026-02-01 18:21:26 | INFO     | scanner | Health check on 4 devices
2026-02-01 18:21:33 | INFO     | scanner | Health check complete: 3/4 UP
2026-02-01 18:21:33 | INFO     | scanner | Health check complete: 3 UP, 1 DOWN, 0 DEGRADED, 0 alerts in 7.50s
2026-02-01 18:22:33 | INFO     | scanner | Starting health check on 4 devices
2026-02-01 18:22:33 | INFO     | scanner | Health check on 4 devices
2026-02-01 18:22:41 | INFO     | scanner | Health check complete: 3/4 UP
2026-02-01 18:22:41 | INFO     | scanner | Health check complete: 3 UP, 1 DOWN, 0 DEGRADED, 0 alerts in 7.49s
2026-02-01 18:23:41 | INFO     | scanner | Starting health check on 4 devices
2026-02-01 18:23:41 | INFO     | scanner | Health check on 4 devices
2026-02-01 18:23:48 | INFO     | scanner | Health check complete: 3/4 UP
2026-02-01 18:23:48 | INFO     | scanner | Health check complete: 3 UP, 1 DOWN, 0 DEGRADED, 0 alerts in 7.49s
2026-02-01 18:24:48 | INFO     | scanner | Starting health check on 4 devices
2026-02-01 18:24:48 | INFO     | scanner | Health check on 4 devices
2026-02-01 18:24:56 | INFO     | scanner | Health check complete: 3/4 UP
2026-02-01 18:24:56 | INFO     | scanner | Health check complete: 3 UP, 1 DOWN, 0 DEGRADED, 0 alerts in 7.47s
2026-02-01 18:25:56 | INFO     | scanner | Starting health check on 4 devices
2026-02-01 18:25:56 | INFO     | scanner | Health check on 4 devices
2026-02-01 18:26:03 | INFO     | scanner | Health check complete: 3/4 UP
2026-02-01 18:26:03 | INFO     | scanner | Health check complete: 3 UP, 1 DOWN, 0 DEGRADED, 0 alerts in 7.50s
2026-02-01 18:27:03 | INFO     | scanner | Starting health check on 4 devices
2026-02-01 18:27:03 | INFO     | scanner | Health check on 4 devices
2026-02-01 18:27:11 | INFO     | scanner | Health check complete: 3/4 UP
2026-02-01 18:27:11 | INFO     | scanner | Health check complete: 3 UP, 1 DOWN, 0 DEGRADED, 0 alerts in 7.48s
2026-02-01 18:28:11 | INFO     | scanner | Starting health check on 4 devices
2026-02-01 18:28:11 | INFO     | scanner | Health check on 4 devices
2026-02-01 18:28:18 | INFO     | scanner | Health check complete: 3/4 UP
2026-02-01 18:28:18 | INFO     | scanner | Health check complete: 3 UP, 1 DOWN, 0 DEGRADED, 0 alerts in 7.46s
2026-02-01 18:29:18 | INFO     | scanner | Starting health check on 4 devices
2026-02-01 18:29:18 | INFO     | scanner | Health check on 4 devices
2026-02-01 18:29:29 | INFO     | scanner | Health check complete: 2/4 UP
2026-02-01 18:29:29 | INFO     | scanner | Health check complete: 3 UP, 1 DOWN, 0 DEGRADED, 0 alerts in 10.99s
2026-02-01 18:30:29 | INFO     | scanner | Starting health check on 4 devices
2026-02-01 18:30:29 | INFO     | scanner | Health check on 4 devices
2026-02-01 18:30:37 | INFO     | scanner | Health check complete: 3/4 UP
2026-02-01 18:30:37 | INFO     | scanner | Health check complete: 3 UP, 1 DOWN, 0 DEGRADED, 0 alerts in 7.47s
2026-02-01 18:31:37 | INFO     | scanner | Starting health check on 4 devices
2026-02-01 18:31:37 | INFO     | scanner | Health check on 4 devices
2026-02-01 18:31:44 | INFO     | scanner | Health check complete: 3/4 UP
2026-02-01 18:31:44 | INFO     | scanner | Health check complete: 3 UP, 1 DOWN, 0 DEGRADED, 0 alerts in 7.48s
2026-02-01 18:32:44 | INFO     | scanner | Starting health check on 4 devices
2026-02-01 18:32:44 | INFO     | scanner | Health check on 4 devices
2026-02-01 18:32:52 | INFO     | scanner | Health check complete: 3/4 UP
2026-02-01 18:32:52 | INFO     | scanner | Health check complete: 3 UP, 1 DOWN, 0 DEGRADED, 0 alerts in 7.50s
2026-02-01 18:33:52 | INFO     | scanner | Starting health check on 4 devices
2026-02-01 18:33:52 | INFO     | scanner | Health check on 4 devices
2026-02-01 18:33:59 | INFO     | scanner | Health check complete: 3/4 UP
2026-02-01 18:33:59 | INFO     | scanner | Health check complete: 3 UP, 1 DOWN, 0 DEGRADED, 0 alerts in 7.49s
2026-02-01 18:34:59 | INFO     | scanner | Starting health check on 4 devices
2026-02-01 18:34:59 | INFO     | scanner | Health check on 4 devices
2026-02-01 18:35:07 | INFO     | scanner | Health check complete: 3/4 UP
2026-02-01 18:35:07 | INFO     | scanner | Health check complete: 3 UP, 1 DOWN, 0 DEGRADED, 0 alerts in 7.51s
2026-02-01 18:36:07 | INFO     | scanner | Starting health check on 4 devices
2026-02-01 18:36:07 | INFO     | scanner | Health check on 4 devices
2026-02-01 18:36:14 | INFO     | scanner | Health check complete: 3/4 UP
2026-02-01 18:36:14 | INFO     | scanner | Health check complete: 3 UP, 1 DOWN, 0 DEGRADED, 0 alerts in 7.47s
2026-02-01 18:37:14 | INFO     | scanner | Starting health check on 4 devices
2026-02-01 18:37:14 | INFO     | scanner | Health check on 4 devices
2026-02-01 18:37:25 | INFO     | scanner | Health check complete: 3/4 UP
2026-02-01 18:37:25 | INFO     | scanner | Health check complete: 3 UP, 1 DOWN, 0 DEGRADED, 0 alerts in 10.99s
2026-02-01 18:38:25 | INFO     | scanner | Starting health check on 4 devices
2026-02-01 18:38:25 | INFO     | scanner | Health check on 4 devices
2026-02-01 18:38:33 | INFO     | scanner | Health check complete: 3/4 UP
2026-02-01 18:38:33 | INFO     | scanner | Health check complete: 3 UP, 1 DOWN, 0 DEGRADED, 0 alerts in 7.50s
2026-02-01 18:39:33 | INFO     | scanner | Starting health check on 4 devices
2026-02-01 18:39:33 | INFO     | scanner | Health check on 4 devices
2026-02-01 18:39:40 | INFO     | scanner | Health check complete: 3/4 UP
2026-02-01 18:39:40 | INFO     | scanner | Health check complete: 3 UP, 1 DOWN, 0 DEGRADED, 0 alerts in 7.47s
2026-02-01 18:40:40 | INFO     | scanner | Starting health check on 4 devices
2026-02-01 18:40:40 | INFO     | scanner | Health check on 4 devices
2026-02-01 18:40:48 | INFO     | scanner | Health check complete: 3/4 UP
2026-02-01 18:40:48 | INFO     | scanner | Health check complete: 3 UP, 1 DOWN, 0 DEGRADED, 0 alerts in 7.46s
2026-02-01 18:41:48 | INFO     | scanner | Starting health check on 4 devices
2026-02-01 18:41:48 | INFO     | scanner | Health check on 4 devices
2026-02-01 18:41:55 | INFO     | scanner | Health check complete: 3/4 UP
2026-02-01 18:41:55 | INFO     | scanner | Health check complete: 3 UP, 1 DOWN, 0 DEGRADED, 0 alerts in 7.49s
2026-02-01 18:42:55 | INFO     | scanner | Starting health check on 4 devices
2026-02-01 18:42:55 | INFO     | scanner | Health check on 4 devices
2026-02-01 18:43:03 | INFO     | scanner | Health check complete: 3/4 UP
2026-02-01 18:43:03 | INFO     | scanner | Health check complete: 3 UP, 1 DOWN, 0 DEGRADED, 0 alerts in 7.49s
2026-02-01 18:44:03 | INFO     | scanner | Starting health check on 4 devices
2026-02-01 18:44:03 | INFO     | scanner | Health check on 4 devices
2026-02-01 18:44:10 | INFO     | scanner | Health check complete: 3/4 UP
2026-02-01 18:44:10 | INFO     | scanner | Health check complete: 3 UP, 1 DOWN, 0 DEGRADED, 0 alerts in 7.50s
2026-02-01 18:45:10 | INFO     | scanner | Starting health check on 4 devices
2026-02-01 18:45:10 | INFO     | scanner | Health check on 4 devices
2026-02-01 18:45:18 | INFO     | scanner | Health check complete: 3/4 UP
2026-02-01 18:45:18 | INFO     | scanner | Health check complete: 3 UP, 1 DOWN, 0 DEGRADED, 0 alerts in 7.50s
2026-02-01 18:46:18 | INFO     | scanner | Starting health check on 4 devices
2026-02-01 18:46:18 | INFO     | scanner | Health check on 4 devices
2026-02-01 18:46:29 | INFO     | scanner | Health check complete: 3/4 UP
2026-02-01 18:46:29 | INFO     | scanner | Health check complete: 3 UP, 1 DOWN, 0 DEGRADED, 0 alerts in 10.96s
2026-02-01 18:47:29 | INFO     | scanner | Starting health check on 4 devices
2026-02-01 18:47:29 | INFO     | scanner | Health check on 4 devices
2026-02-01 18:47:36 | INFO     | scanner | Health check complete: 3/4 UP
2026-02-01 18:47:36 | INFO     | scanner | Health check complete: 3 UP, 1 DOWN, 0 DEGRADED, 0 alerts in 7.50s
2026-02-01 18:48:36 | INFO     | scanner | Starting health check on 4 devices
2026-02-01 18:48:36 | INFO     | scanner | Health check on 4 devices
2026-02-01 18:48:44 | INFO     | scanner | Health check complete: 3/4 UP
2026-02-01 18:48:44 | INFO     | scanner | Health check complete: 3 UP, 1 DOWN, 0 DEGRADED, 0 alerts in 7.48s
2026-02-01 18:49:44 | INFO     | scanner | Starting health check on 4 devices
2026-02-01 18:49:44 | INFO     | scanner | Health check on 4 devices
2026-02-01 18:49:51 | INFO     | scanner | Health check complete: 3/4 UP
2026-02-01 18:49:51 | INFO     | scanner | Health check complete: 3 UP, 1 DOWN, 0 DEGRADED, 0 alerts in 7.51s
2026-02-01 18:50:51 | INFO     | scanner | Starting health check on 4 devices
2026-02-01 18:50:51 | INFO     | scanner | Health check on 4 devices
2026-02-01 18:50:59 | INFO     | scanner | Health check complete: 3/4 UP
2026-02-01 18:50:59 | INFO     | scanner | Health check complete: 3 UP, 1 DOWN, 0 DEGRADED, 0 alerts in 7.49s
2026-02-01 18:51:59 | INFO     | scanner | Starting health check on 4 devices
2026-02-01 18:51:59 | INFO     | scanner | Health check on 4 devices
2026-02-01 18:52:06 | INFO     | scanner | Health check complete: 3/4 UP
2026-02-01 18:52:06 | INFO     | scanner | Health check complete: 3 UP, 1 DOWN, 0 DEGRADED, 0 alerts in 7.47s
2026-02-01 18:53:06 | INFO     | scanner | Starting health check on 4 devices
2026-02-01 18:53:06 | INFO     | scanner | Health check on 4 devices
2026-02-01 18:53:14 | INFO     | scanner | Health check complete: 3/4 UP
2026-02-01 18:53:14 | INFO     | scanner | Health check complete: 3 UP, 1 DOWN, 0 DEGRADED, 0 alerts in 7.47s
2026-02-01 18:54:14 | INFO     | scanner | Starting health check on 4 devices
2026-02-01 18:54:14 | INFO     | scanner | Health check on 4 devices
2026-02-01 18:54:21 | INFO     | scanner | Health check complete: 3/4 UP
2026-02-01 18:54:21 | INFO     | scanner | Health check complete: 3 UP, 1 DOWN, 0 DEGRADED, 0 alerts in 7.48s
2026-02-01 18:55:21 | INFO     | scanner | Starting health check on 4 devices
2026-02-01 18:55:21 | INFO     | scanner | Health check on 4 devices
2026-02-01 18:55:29 | INFO     | scanner | Health check complete: 3/4 UP
2026-02-01 18:55:29 | INFO     | scanner | Health check complete: 3 UP, 1 DOWN, 0 DEGRADED, 0 alerts in 7.49s
2026-02-01 18:56:29 | INFO     | scanner | Starting health check on 4 devices
2026-02-01 18:56:29 | INFO     | scanner | Health check on 4 devices
2026-02-01 18:56:36 | INFO     | scanner | Health check complete: 3/4 UP
2026-02-01 18:56:36 | INFO     | scanner | Health check complete: 3 UP, 1 DOWN, 0 DEGRADED, 0 alerts in 7.48s
2026-02-01 18:57:36 | INFO     | scanner | Starting health check on 4 devices
2026-02-01 18:57:36 | INFO     | scanner | Health check on 4 devices
2026-02-01 18:57:44 | INFO     | scanner | Health check complete: 3/4 UP
2026-02-01 18:57:44 | INFO     | scanner | Health check complete: 3 UP, 1 DOWN, 0 DEGRADED, 0 alerts in 7.47s
2026-02-01 18:58:44 | INFO     | scanner | Starting health check on 4 devices
2026-02-01 18:58:44 | INFO     | scanner | Health check on 4 devices
2026-02-01 18:58:51 | INFO     | scanner | Health check complete: 3/4 UP
2026-02-01 18:58:51 | INFO     | scanner | Health check complete: 3 UP, 1 DOWN, 0 DEGRADED, 0 alerts in 7.47s
2026-02-01 18:59:51 | INFO     | scanner | Starting health check on 4 devices
2026-02-01 18:59:51 | INFO     | scanner | Health check on 4 devices
2026-02-01 18:59:59 | INFO     | scanner | Health check complete: 2/4 UP
2026-02-01 18:59:59 | INFO     | scanner | Health check complete: 3 UP, 1 DOWN, 0 DEGRADED, 0 alerts in 7.50s
2026-02-01 19:00:59 | INFO     | scanner | Starting health check on 4 devices
2026-02-01 19:00:59 | INFO     | scanner | Health check on 4 devices
2026-02-01 19:01:06 | INFO     | scanner | Health check complete: 3/4 UP
2026-02-01 19:01:06 | INFO     | scanner | Health check complete: 3 UP, 1 DOWN, 0 DEGRADED, 0 alerts in 7.45s
2026-02-01 19:02:06 | INFO     | scanner | Starting health check on 4 devices
2026-02-01 19:02:06 | INFO     | scanner | Health check on 4 devices
2026-02-01 19:02:14 | INFO     | scanner | Health check complete: 3/4 UP
2026-02-01 19:02:14 | INFO     | scanner | Health check complete: 3 UP, 1 DOWN, 0 DEGRADED, 0 alerts in 7.47s
2026-02-01 19:03:14 | INFO     | scanner | Starting health check on 4 devices
2026-02-01 19:03:14 | INFO     | scanner | Health check on 4 devices
2026-02-01 19:03:21 | INFO     | scanner | Health check complete: 3/4 UP
2026-02-01 19:03:21 | INFO     | scanner | Health check complete: 3 UP, 1 DOWN, 0 DEGRADED, 0 alerts in 7.48s
2026-02-01 19:04:21 | INFO     | scanner | Starting health check on 4 devices
2026-02-01 19:04:21 | INFO     | scanner | Health check on 4 devices
2026-02-01 19:04:29 | INFO     | scanner | Health check complete: 3/4 UP
2026-02-01 19:04:29 | INFO     | scanner | Health check complete: 3 UP, 1 DOWN, 0 DEGRADED, 0 alerts in 7.49s
2026-02-01 19:05:29 | INFO     | scanner | Starting health check on 4 devices
2026-02-01 19:05:29 | INFO     | scanner | Health check on 4 devices
2026-02-01 19:05:36 | INFO     | scanner | Health check complete: 3/4 UP
2026-02-01 19:05:36 | INFO     | scanner | Health check complete: 3 UP, 1 DOWN, 0 DEGRADED, 0 alerts in 7.50s
2026-02-01 19:06:36 | INFO     | scanner | Starting health check on 4 devices
2026-02-01 19:06:36 | INFO     | scanner | Health check on 4 devices
2026-02-01 19:06:44 | INFO     | scanner | Health check complete: 3/4 UP
2026-02-01 19:06:44 | INFO     | scanner | Health check complete: 3 UP, 1 DOWN, 0 DEGRADED, 0 alerts in 7.52s
2026-02-01 19:07:44 | INFO     | scanner | Starting health check on 4 devices
2026-02-01 19:07:44 | INFO     | scanner | Health check on 4 devices
2026-02-01 19:07:47 | INFO     | scanner | Health check complete: 4/4 UP
2026-02-01 19:07:47 | INFO     | scanner | Health check complete: 4 UP, 0 DOWN, 0 DEGRADED, 0 alerts in 3.29s
2026-02-01 19:08:47 | INFO     | scanner | Starting health check on 4 devices
2026-02-01 19:08:47 | INFO     | scanner | Health check on 4 devices
2026-02-01 19:08:51 | INFO     | scanner | Health check complete: 4/4 UP
2026-02-01 19:08:51 | INFO     | scanner | Health check complete: 4 UP, 0 DOWN, 0 DEGRADED, 0 alerts in 3.28s
2026-02-01 19:09:51 | INFO     | scanner | Starting health check on 4 devices
2026-02-01 19:09:51 | INFO     | scanner | Health check on 4 devices
2026-02-01 19:09:54 | INFO     | scanner | Health check complete: 4/4 UP
2026-02-01 19:09:54 | INFO     | scanner | Health check complete: 4 UP, 0 DOWN, 0 DEGRADED, 0 alerts in 3.45s
2026-02-01 19:10:54 | INFO     | scanner | Starting health check on 4 devices
2026-02-01 19:10:54 | INFO     | scanner | Health check on 4 devices
2026-02-01 19:10:57 | INFO     | scanner | Health check complete: 4/4 UP
2026-02-01 19:10:57 | INFO     | scanner | Health check complete: 4 UP, 0 DOWN, 0 DEGRADED, 0 alerts in 3.38s
2026-02-01 19:11:57 | INFO     | scanner | Starting health check on 4 devices
2026-02-01 19:11:57 | INFO     | scanner | Health check on 4 devices
2026-02-01 19:12:01 | INFO     | scanner | Health check complete: 4/4 UP
2026-02-01 19:12:01 | INFO     | scanner | Health check complete: 4 UP, 0 DOWN, 0 DEGRADED, 0 alerts in 3.36s
2026-02-01 19:13:01 | INFO     | scanner | Starting health check on 4 devices
2026-02-01 19:13:01 | INFO     | scanner | Health check on 4 devices
2026-02-01 19:13:04 | INFO     | scanner | Health check complete: 4/4 UP
2026-02-01 19:13:04 | INFO     | scanner | Health check complete: 4 UP, 0 DOWN, 0 DEGRADED, 0 alerts in 3.48s
2026-02-01 19:14:04 | INFO     | scanner | Starting health check on 4 devices
2026-02-01 19:14:04 | INFO     | scanner | Health check on 4 devices
2026-02-01 19:14:08 | INFO     | scanner | Health check complete: 4/4 UP
2026-02-01 19:14:08 | INFO     | scanner | Health check complete: 4 UP, 0 DOWN, 0 DEGRADED, 0 alerts in 3.23s
2026-02-01 19:15:08 | INFO     | scanner | Starting health check on 4 devices
2026-02-01 19:15:08 | INFO     | scanner | Health check on 4 devices
2026-02-01 19:15:11 | INFO     | scanner | Health check complete: 4/4 UP
2026-02-01 19:15:11 | INFO     | scanner | Health check complete: 4 UP, 0 DOWN, 0 DEGRADED, 0 alerts in 3.50s
2026-02-01 19:16:11 | INFO     | scanner | Starting health check on 4 devices
2026-02-01 19:16:11 | INFO     | scanner | Health check on 4 devices
2026-02-01 19:16:14 | INFO     | scanner | Health check complete: 4/4 UP
2026-02-01 19:16:14 | INFO     | scanner | Health check complete: 4 UP, 0 DOWN, 0 DEGRADED, 0 alerts in 3.26s
2026-02-01 19:17:14 | INFO     | scanner | Starting health check on 4 devices
2026-02-01 19:17:14 | INFO     | scanner | Health check on 4 devices
2026-02-01 19:17:18 | INFO     | scanner | Health check complete: 4/4 UP
2026-02-01 19:17:18 | INFO     | scanner | Health check complete: 4 UP, 0 DOWN, 0 DEGRADED, 0 alerts in 3.26s
2026-02-01 19:18:18 | INFO     | scanner | Starting health check on 4 devices
2026-02-01 19:18:18 | INFO     | scanner | Health check on 4 devices
2026-02-01 19:18:21 | INFO     | scanner | Health check complete: 4/4 UP
2026-02-01 19:18:21 | INFO     | scanner | Health check complete: 4 UP, 0 DOWN, 0 DEGRADED, 0 alerts in 3.35s
2026-02-01 19:19:21 | INFO     | scanner | Starting health check on 4 devices
2026-02-01 19:19:21 | INFO     | scanner | Health check on 4 devices
2026-02-01 19:19:24 | INFO     | scanner | Health check complete: 4/4 UP
2026-02-01 19:19:24 | INFO     | scanner | Health check complete: 4 UP, 0 DOWN, 0 DEGRADED, 0 alerts in 3.49s
2026-02-01 19:20:25 | INFO     | scanner | Starting health check on 4 devices
2026-02-01 19:20:25 | INFO     | scanner | Health check on 4 devices
2026-02-01 19:20:30 | INFO     | scanner | Health check complete: 3/4 UP
2026-02-01 19:20:30 | INFO     | scanner | Health check complete: 4 UP, 0 DOWN, 0 DEGRADED, 0 alerts in 5.38s
2026-02-01 19:21:30 | INFO     | scanner | Starting health check on 4 devices
2026-02-01 19:21:30 | INFO     | scanner | Health check on 4 devices
2026-02-01 19:21:33 | INFO     | scanner | Health check complete: 4/4 UP
2026-02-01 19:21:33 | INFO     | scanner | Health check complete: 4 UP, 0 DOWN, 0 DEGRADED, 0 alerts in 3.16s
2026-02-01 19:22:33 | INFO     | scanner | Starting health check on 4 devices
2026-02-01 19:22:33 | INFO     | scanner | Health check on 4 devices
2026-02-01 19:22:37 | INFO     | scanner | Health check complete: 4/4 UP
2026-02-01 19:22:37 | INFO     | scanner | Health check complete: 4 UP, 0 DOWN, 0 DEGRADED, 0 alerts in 3.42s
2026-02-01 19:23:37 | INFO     | scanner | Starting health check on 4 devices
2026-02-01 19:23:37 | INFO     | scanner | Health check on 4 devices
2026-02-01 19:23:40 | INFO     | scanner | Health check complete: 4/4 UP
2026-02-01 19:23:40 | INFO     | scanner | Health check complete: 4 UP, 0 DOWN, 0 DEGRADED, 0 alerts in 3.22s
2026-02-01 19:24:40 | INFO     | scanner | Starting health check on 4 devices
2026-02-01 19:24:40 | INFO     | scanner | Health check on 4 devices
2026-02-01 19:24:43 | INFO     | scanner | Health check complete: 4/4 UP
2026-02-01 19:24:43 | INFO     | scanner | Health check complete: 4 UP, 0 DOWN, 0 DEGRADED, 0 alerts in 3.54s
2026-02-01 19:25:43 | INFO     | scanner | Starting health check on 4 devices
2026-02-01 19:25:43 | INFO     | scanner | Health check on 4 devices
2026-02-01 19:25:47 | INFO     | scanner | Health check complete: 4/4 UP
2026-02-01 19:25:47 | INFO     | scanner | Health check complete: 4 UP, 0 DOWN, 0 DEGRADED, 0 alerts in 3.59s
2026-02-01 19:26:47 | INFO     | scanner | Starting health check on 4 devices
2026-02-01 19:26:47 | INFO     | scanner | Health check on 4 devices
2026-02-01 19:26:50 | INFO     | scanner | Health check complete: 4/4 UP
2026-02-01 19:26:50 | INFO     | scanner | Health check complete: 4 UP, 0 DOWN, 0 DEGRADED, 0 alerts in 3.17s
2026-02-01 19:27:50 | INFO     | scanner | Starting health check on 4 devices
2026-02-01 19:27:50 | INFO     | scanner | Health check on 4 devices
2026-02-01 19:27:54 | INFO     | scanner | Health check complete: 4/4 UP
2026-02-01 19:27:54 | INFO     | scanner | Health check complete: 4 UP, 0 DOWN, 0 DEGRADED, 0 alerts in 3.46s
2026-02-01 19:28:54 | INFO     | scanner | Starting health check on 4 devices
2026-02-01 19:28:54 | INFO     | scanner | Health check on 4 devices
2026-02-01 19:28:57 | INFO     | scanner | Health check complete: 4/4 UP
2026-02-01 19:28:57 | INFO     | scanner | Health check complete: 4 UP, 0 DOWN, 0 DEGRADED, 0 alerts in 3.47s
2026-02-01 19:29:57 | INFO     | scanner | Starting health check on 4 devices
2026-02-01 19:29:57 | INFO     | scanner | Health check on 4 devices
2026-02-01 19:30:00 | INFO     | scanner | Health check complete: 4/4 UP
2026-02-01 19:30:00 | INFO     | scanner | Health check complete: 4 UP, 0 DOWN, 0 DEGRADED, 0 alerts in 3.16s
2026-02-01 19:31:00 | INFO     | scanner | Starting health check on 4 devices
2026-02-01 19:31:00 | INFO     | scanner | Health check on 4 devices
2026-02-01 19:31:04 | INFO     | scanner | Health check complete: 4/4 UP
2026-02-01 19:31:04 | INFO     | scanner | Health check complete: 4 UP, 0 DOWN, 0 DEGRADED, 0 alerts in 3.49s
2026-02-01 19:49:08 | INFO     | scanner | Starting health check on 4 devices
2026-02-01 19:49:08 | INFO     | scanner | Health check on 4 devices
2026-02-01 19:49:11 | INFO     | scanner | Health check complete: 4/4 UP
2026-02-01 19:49:11 | INFO     | scanner | Health check complete: 4 UP, 0 DOWN, 0 DEGRADED, 0 alerts in 3.38s
2026-02-01 19:50:11 | INFO     | scanner | Starting health check on 4 devices
2026-02-01 19:50:11 | INFO     | scanner | Health check on 4 devices
2026-02-01 19:50:14 | INFO     | scanner | Health check complete: 4/4 UP
2026-02-01 19:50:14 | INFO     | scanner | Health check complete: 4 UP, 0 DOWN, 0 DEGRADED, 0 alerts in 3.36s
2026-02-01 19:51:15 | INFO     | scanner | Starting health check on 4 devices
2026-02-01 19:51:15 | INFO     | scanner | Health check on 4 devices
2026-02-01 19:51:18 | INFO     | scanner | Health check complete: 4/4 UP
2026-02-01 19:51:18 | INFO     | scanner | Health check complete: 4 UP, 0 DOWN, 0 DEGRADED, 0 alerts in 3.23s
2026-02-01 19:52:18 | INFO     | scanner | Starting health check on 4 devices
2026-02-01 19:52:18 | INFO     | scanner | Health check on 4 devices
2026-02-01 19:52:21 | INFO     | scanner | Health check complete: 4/4 UP
2026-02-01 19:52:21 | INFO     | scanner | Health check complete: 4 UP, 0 DOWN, 0 DEGRADED, 0 alerts in 3.25s
2026-02-01 19:53:21 | INFO     | scanner | Starting health check on 4 devices
2026-02-01 19:53:21 | INFO     | scanner | Health check on 4 devices
2026-02-01 19:53:24 | INFO     | scanner | Health check complete: 4/4 UP
2026-02-01 19:53:24 | INFO     | scanner | Health check complete: 4 UP, 0 DOWN, 0 DEGRADED, 0 alerts in 3.25s
2026-02-01 19:54:24 | INFO     | scanner | Starting health check on 4 devices
2026-02-01 19:54:24 | INFO     | scanner | Health check on 4 devices
2026-02-01 19:54:28 | INFO     | scanner | Health check complete: 4/4 UP
2026-02-01 19:54:28 | INFO     | scanner | Health check complete: 4 UP, 0 DOWN, 0 DEGRADED, 0 alerts in 3.26s
2026-02-01 19:55:28 | INFO     | scanner | Starting health check on 4 devices
2026-02-01 19:55:28 | INFO     | scanner | Health check on 4 devices
2026-02-01 19:55:31 | INFO     | scanner | Health check complete: 4/4 UP
2026-02-01 19:55:31 | INFO     | scanner | Health check complete: 4 UP, 0 DOWN, 0 DEGRADED, 0 alerts in 3.18s
2026-02-01 19:56:31 | INFO     | scanner | Starting health check on 4 devices
2026-02-01 19:56:31 | INFO     | scanner | Health check on 4 devices
2026-02-01 19:56:34 | INFO     | scanner | Health check complete: 4/4 UP
2026-02-01 19:56:34 | INFO     | scanner | Health check complete: 4 UP, 0 DOWN, 0 DEGRADED, 0 alerts in 3.25s
2026-02-01 19:57:34 | INFO     | scanner | Starting health check on 4 devices
2026-02-01 19:57:34 | INFO     | scanner | Health check on 4 devices
2026-02-01 19:57:37 | INFO     | scanner | Health check complete: 4/4 UP
2026-02-01 19:57:37 | INFO     | scanner | Health check complete: 4 UP, 0 DOWN, 0 DEGRADED, 0 alerts in 3.25s
2026-02-01 19:58:37 | INFO     | scanner | Starting health check on 4 devices
2026-02-01 19:58:37 | INFO     | scanner | Health check on 4 devices
2026-02-01 19:58:41 | INFO     | scanner | Health check complete: 4/4 UP
2026-02-01 19:58:41 | INFO     | scanner | Health check complete: 4 UP, 0 DOWN, 0 DEGRADED, 0 alerts in 3.34s
2026-02-01 19:59:41 | INFO     | scanner | Starting health check on 4 devices
2026-02-01 19:59:41 | INFO     | scanner | Health check on 4 devices
2026-02-01 19:59:44 | INFO     | scanner | Health check complete: 4/4 UP
2026-02-01 19:59:44 | INFO     | scanner | Health check complete: 4 UP, 0 DOWN, 0 DEGRADED, 0 alerts in 3.40s
2026-02-01 20:00:44 | INFO     | scanner | Starting health check on 4 devices
2026-02-01 20:00:44 | INFO     | scanner | Health check on 4 devices
2026-02-01 20:00:48 | INFO     | scanner | Health check complete: 4/4 UP
2026-02-01 20:00:48 | INFO     | scanner | Health check complete: 4 UP, 0 DOWN, 0 DEGRADED, 0 alerts in 3.45s
2026-02-01 20:01:48 | INFO     | scanner | Starting health check on 4 devices
2026-02-01 20:01:48 | INFO     | scanner | Health check on 4 devices
2026-02-01 20:01:51 | INFO     | scanner | Health check complete: 4/4 UP
2026-02-01 20:01:51 | INFO     | scanner | Health check complete: 4 UP, 0 DOWN, 0 DEGRADED, 0 alerts in 3.24s
2026-02-01 20:02:51 | INFO     | scanner | Starting health check on 4 devices
2026-02-01 20:02:51 | INFO     | scanner | Health check on 4 devices
2026-02-01 20:02:54 | INFO     | scanner | Health check complete: 4/4 UP
2026-02-01 20:02:54 | INFO     | scanner | Health check complete: 4 UP, 0 DOWN, 0 DEGRADED, 0 alerts in 3.26s
2026-02-01 20:03:54 | INFO     | scanner | Starting health check on 4 devices
2026-02-01 20:03:54 | INFO     | scanner | Health check on 4 devices
2026-02-01 20:03:58 | INFO     | scanner | Health check complete: 4/4 UP
2026-02-01 20:03:58 | INFO     | scanner | Health check complete: 4 UP, 0 DOWN, 0 DEGRADED, 0 alerts in 3.35s
2026-02-01 20:04:58 | INFO     | scanner | Starting health check on 4 devices
2026-02-01 20:04:58 | INFO     | scanner | Health check on 4 devices
2026-02-01 20:05:01 | INFO     | scanner | Health check complete: 4/4 UP
2026-02-01 20:05:01 | INFO     | scanner | Health check complete: 4 UP, 0 DOWN, 0 DEGRADED, 0 alerts in 3.25s
2026-02-01 20:06:01 | INFO     | scanner | Starting health check on 4 devices
2026-02-01 20:06:01 | INFO     | scanner | Health check on 4 devices
2026-02-01 20:06:04 | INFO     | scanner | Health check complete: 4/4 UP
2026-02-01 20:06:04 | INFO     | scanner | Health check complete: 4 UP, 0 DOWN, 0 DEGRADED, 0 alerts in 3.14s
2026-02-01 20:07:04 | INFO     | scanner | Starting health check on 4 devices
2026-02-01 20:07:04 | INFO     | scanner | Health check on 4 devices
2026-02-01 20:07:07 | INFO     | scanner | Health check complete: 4/4 UP
2026-02-01 20:07:07 | INFO     | scanner | Health check complete: 4 UP, 0 DOWN, 0 DEGRADED, 0 alerts in 3.12s
2026-02-01 20:08:07 | INFO     | scanner | Starting health check on 4 devices
2026-02-01 20:08:07 | INFO     | scanner | Health check on 4 devices
2026-02-01 20:08:10 | INFO     | scanner | Health check complete: 4/4 UP
2026-02-01 20:08:10 | INFO     | scanner | Health check complete: 4 UP, 0 DOWN, 0 DEGRADED, 0 alerts in 3.16s
2026-02-01 20:09:10 | INFO     | scanner | Starting health check on 4 devices
2026-02-01 20:09:10 | INFO     | scanner | Health check on 4 devices
2026-02-01 20:09:14 | INFO     | scanner | Health check complete: 4/4 UP
2026-02-01 20:09:14 | INFO     | scanner | Health check complete: 4 UP, 0 DOWN, 0 DEGRADED, 0 alerts in 3.28s
2026-02-01 20:10:14 | INFO     | scanner | Starting health check on 4 devices
2026-02-01 20:10:14 | INFO     | scanner | Health check on 4 devices
2026-02-01 20:10:17 | INFO     | scanner | Health check complete: 4/4 UP
2026-02-01 20:10:17 | INFO     | scanner | Health check complete: 4 UP, 0 DOWN, 0 DEGRADED, 0 alerts in 3.47s
2026-02-01 20:11:17 | INFO     | scanner | Starting health check on 4 devices
2026-02-01 20:11:17 | INFO     | scanner | Health check on 4 devices
2026-02-01 20:11:20 | INFO     | scanner | Health check complete: 4/4 UP
2026-02-01 20:11:20 | INFO     | scanner | Health check complete: 4 UP, 0 DOWN, 0 DEGRADED, 0 alerts in 3.14s
2026-02-01 20:12:20 | INFO     | scanner | Starting health check on 4 devices
2026-02-01 20:12:20 | INFO     | scanner | Health check on 4 devices
2026-02-01 20:12:24 | INFO     | scanner | Health check complete: 4/4 UP
2026-02-01 20:12:24 | INFO     | scanner | Health check complete: 4 UP, 0 DOWN, 0 DEGRADED, 0 alerts in 3.38s
2026-02-01 20:13:24 | INFO     | scanner | Starting health check on 4 devices
2026-02-01 20:13:24 | INFO     | scanner | Health check on 4 devices
2026-02-01 20:13:27 | INFO     | scanner | Health check complete: 4/4 UP
2026-02-01 20:13:27 | INFO     | scanner | Health check complete: 4 UP, 0 DOWN, 0 DEGRADED, 0 alerts in 3.17s
2026-02-01 20:14:27 | INFO     | scanner | Starting health check on 4 devices
2026-02-01 20:14:27 | INFO     | scanner | Health check on 4 devices
2026-02-01 20:14:30 | INFO     | scanner | Health check complete: 4/4 UP
2026-02-01 20:14:30 | INFO     | scanner | Health check complete: 4 UP, 0 DOWN, 0 DEGRADED, 0 alerts in 3.18s
2026-02-01 20:15:30 | INFO     | scanner | Starting health check on 4 devices
2026-02-01 20:15:30 | INFO     | scanner | Health check on 4 devices
2026-02-01 20:15:33 | INFO     | scanner | Health check complete: 4/4 UP
2026-02-01 20:15:33 | INFO     | scanner | Health check complete: 4 UP, 0 DOWN, 0 DEGRADED, 0 alerts in 3.17s
2026-02-01 20:16:33 | INFO     | scanner | Starting health check on 4 devices
2026-02-01 20:16:33 | INFO     | scanner | Health check on 4 devices
2026-02-01 20:16:37 | INFO     | scanner | Health check complete: 4/4 UP
2026-02-01 20:16:37 | INFO     | scanner | Health check complete: 4 UP, 0 DOWN, 0 DEGRADED, 0 alerts in 3.36s
2026-02-01 20:17:37 | INFO     | scanner | Starting health check on 4 devices
2026-02-01 20:17:37 | INFO     | scanner | Health check on 4 devices
2026-02-01 20:17:40 | INFO     | scanner | Health check complete: 4/4 UP
2026-02-01 20:17:40 | INFO     | scanner | Health check complete: 4 UP, 0 DOWN, 0 DEGRADED, 0 alerts in 3.13s
2026-02-01 20:18:40 | INFO     | scanner | Starting health check on 4 devices
2026-02-01 20:18:40 | INFO     | scanner | Health check on 4 devices
2026-02-01 20:18:43 | INFO     | scanner | Health check complete: 4/4 UP
2026-02-01 20:18:43 | INFO     | scanner | Health check complete: 4 UP, 0 DOWN, 0 DEGRADED, 0 alerts in 3.48s
2026-02-01 20:19:43 | INFO     | scanner | Starting health check on 4 devices
2026-02-01 20:19:43 | INFO     | scanner | Health check on 4 devices
2026-02-01 20:19:47 | INFO     | scanner | Health check complete: 4/4 UP
2026-02-01 20:19:47 | INFO     | scanner | Health check complete: 4 UP, 0 DOWN, 0 DEGRADED, 0 alerts in 3.36s
2026-02-01 20:20:47 | INFO     | scanner | Starting health check on 4 devices
2026-02-01 20:20:47 | INFO     | scanner | Health check on 4 devices
2026-02-01 20:20:50 | INFO     | scanner | Health check complete: 4/4 UP
2026-02-01 20:20:50 | INFO     | scanner | Health check complete: 4 UP, 0 DOWN, 0 DEGRADED, 0 alerts in 3.36s
2026-02-01 20:21:50 | INFO     | scanner | Starting health check on 4 devices
2026-02-01 20:21:50 | INFO     | scanner | Health check on 4 devices
2026-02-01 20:21:53 | INFO     | scanner | Health check complete: 4/4 UP
2026-02-01 20:21:53 | INFO     | scanner | Health check complete: 4 UP, 0 DOWN, 0 DEGRADED, 0 alerts in 3.36s
2026-02-01 20:22:53 | INFO     | scanner | Starting health check on 4 devices
2026-02-01 20:22:53 | INFO     | scanner | Health check on 4 devices
2026-02-01 20:22:57 | INFO     | scanner | Health check complete: 4/4 UP
2026-02-01 20:22:57 | INFO     | scanner | Health check complete: 4 UP, 0 DOWN, 0 DEGRADED, 0 alerts in 3.36s
2026-02-01 20:23:57 | INFO     | scanner | Starting health check on 4 devices
2026-02-01 20:23:57 | INFO     | scanner | Health check on 4 devices
2026-02-01 20:24:00 | INFO     | scanner | Health check complete: 4/4 UP
2026-02-01 20:24:00 | INFO     | scanner | Health check complete: 4 UP, 0 DOWN, 0 DEGRADED, 0 alerts in 3.34s
2026-02-01 20:25:00 | INFO     | scanner | Starting health check on 4 devices
2026-02-01 20:25:00 | INFO     | scanner | Health check on 4 devices
2026-02-01 20:25:03 | INFO     | scanner | Health check complete: 4/4 UP
2026-02-01 20:25:03 | INFO     | scanner | Health check complete: 4 UP, 0 DOWN, 0 DEGRADED, 0 alerts in 3.31s
2026-02-01 20:26:03 | INFO     | scanner | Starting health check on 4 devices
2026-02-01 20:26:03 | INFO     | scanner | Health check on 4 devices
2026-02-01 20:26:07 | INFO     | scanner | Health check complete: 4/4 UP
2026-02-01 20:26:07 | INFO     | scanner | Health check complete: 4 UP, 0 DOWN, 0 DEGRADED, 0 alerts in 3.23s
2026-02-01 20:27:07 | INFO     | scanner | Starting health check on 4 devices
2026-02-01 20:27:07 | INFO     | scanner | Health check on 4 devices
2026-02-01 20:27:10 | INFO     | scanner | Health check complete: 4/4 UP
2026-02-01 20:27:10 | INFO     | scanner | Health check complete: 4 UP, 0 DOWN, 0 DEGRADED, 0 alerts in 3.49s
2026-02-01 20:28:10 | INFO     | scanner | Starting health check on 4 devices
2026-02-01 20:28:10 | INFO     | scanner | Health check on 4 devices
2026-02-01 20:28:13 | INFO     | scanner | Health check complete: 4/4 UP
2026-02-01 20:28:13 | INFO     | scanner | Health check complete: 4 UP, 0 DOWN, 0 DEGRADED, 0 alerts in 3.13s
2026-02-01 20:29:13 | INFO     | scanner | Starting health check on 4 devices
2026-02-01 20:29:13 | INFO     | scanner | Health check on 4 devices
2026-02-01 20:29:17 | INFO     | scanner | Health check complete: 4/4 UP
2026-02-01 20:29:17 | INFO     | scanner | Health check complete: 4 UP, 0 DOWN, 0 DEGRADED, 0 alerts in 3.14s
2026-02-01 20:30:17 | INFO     | scanner | Starting health check on 4 devices
2026-02-01 20:30:17 | INFO     | scanner | Health check on 4 devices
2026-02-01 20:30:20 | INFO     | scanner | Health check complete: 4/4 UP
2026-02-01 20:30:20 | INFO     | scanner | Health check complete: 4 UP, 0 DOWN, 0 DEGRADED, 0 alerts in 3.25s
2026-02-01 20:31:20 | INFO     | scanner | Starting health check on 4 devices
2026-02-01 20:31:20 | INFO     | scanner | Health check on 4 devices
2026-02-01 20:31:23 | INFO     | scanner | Health check complete: 4/4 UP
2026-02-01 20:31:23 | INFO     | scanner | Health check complete: 4 UP, 0 DOWN, 0 DEGRADED, 0 alerts in 3.24s
2026-02-01 20:32:23 | INFO     | scanner | Starting health check on 4 devices
2026-02-01 20:32:23 | INFO     | scanner | Health check on 4 devices
2026-02-01 20:32:26 | INFO     | scanner | Health check complete: 4/4 UP
2026-02-01 20:32:26 | INFO     | scanner | Health check complete: 4 UP, 0 DOWN, 0 DEGRADED, 0 alerts in 3.28s
2026-02-01 20:33:26 | INFO     | scanner | Starting health check on 4 devices
2026-02-01 20:33:26 | INFO     | scanner | Health check on 4 devices
2026-02-01 20:33:30 | INFO     | scanner | Health check complete: 4/4 UP
2026-02-01 20:33:30 | INFO     | scanner | Health check complete: 4 UP, 0 DOWN, 0 DEGRADED, 0 alerts in 3.15s
2026-02-01 20:34:30 | INFO     | scanner | Starting health check on 4 devices
2026-02-01 20:34:30 | INFO     | scanner | Health check on 4 devices
2026-02-01 20:34:33 | INFO     | scanner | Health check complete: 4/4 UP
2026-02-01 20:34:33 | INFO     | scanner | Health check complete: 4 UP, 0 DOWN, 0 DEGRADED, 0 alerts in 3.16s
2026-02-01 20:35:33 | INFO     | scanner | Starting health check on 4 devices
2026-02-01 20:35:33 | INFO     | scanner | Health check on 4 devices
2026-02-01 20:35:36 | INFO     | scanner | Health check complete: 4/4 UP
2026-02-01 20:35:36 | INFO     | scanner | Health check complete: 4 UP, 0 DOWN, 0 DEGRADED, 0 alerts in 3.13s
2026-02-01 20:36:36 | INFO     | scanner | Starting health check on 4 devices
2026-02-01 20:36:36 | INFO     | scanner | Health check on 4 devices
2026-02-01 20:36:39 | INFO     | scanner | Health check complete: 4/4 UP
2026-02-01 20:36:39 | INFO     | scanner | Health check complete: 4 UP, 0 DOWN, 0 DEGRADED, 0 alerts in 3.16s
2026-02-01 20:37:39 | INFO     | scanner | Starting health check on 4 devices
2026-02-01 20:37:39 | INFO     | scanner | Health check on 4 devices
2026-02-01 20:37:43 | INFO     | scanner | Health check complete: 4/4 UP
2026-02-01 20:37:43 | INFO     | scanner | Health check complete: 4 UP, 0 DOWN, 0 DEGRADED, 0 alerts in 3.39s
2026-02-01 20:38:43 | INFO     | scanner | Starting health check on 4 devices
2026-02-01 20:38:43 | INFO     | scanner | Health check on 4 devices
2026-02-01 20:38:46 | INFO     | scanner | Health check complete: 4/4 UP
2026-02-01 20:38:46 | INFO     | scanner | Health check complete: 4 UP, 0 DOWN, 0 DEGRADED, 0 alerts in 3.15s
2026-02-01 20:39:46 | INFO     | scanner | Starting health check on 4 devices
2026-02-01 20:39:46 | INFO     | scanner | Health check on 4 devices
2026-02-01 20:39:49 | INFO     | scanner | Health check complete: 4/4 UP
2026-02-01 20:39:49 | INFO     | scanner | Health check complete: 4 UP, 0 DOWN, 0 DEGRADED, 0 alerts in 3.15s
2026-02-01 20:40:49 | INFO     | scanner | Starting health check on 4 devices
2026-02-01 20:40:49 | INFO     | scanner | Health check on 4 devices
2026-02-01 20:40:56 | INFO     | scanner | Health check complete: 3/4 UP
2026-02-01 20:40:56 | INFO     | scanner | Health check complete: 4 UP, 0 DOWN, 0 DEGRADED, 0 alerts in 6.92s
2026-02-01 20:41:56 | INFO     | scanner | Starting health check on 4 devices
2026-02-01 20:41:56 | INFO     | scanner | Health check on 4 devices
2026-02-01 20:41:59 | INFO     | scanner | Health check complete: 4/4 UP
2026-02-01 20:41:59 | INFO     | scanner | Health check complete: 4 UP, 0 DOWN, 0 DEGRADED, 0 alerts in 3.16s
2026-02-01 20:42:59 | INFO     | scanner | Starting health check on 4 devices
2026-02-01 20:42:59 | INFO     | scanner | Health check on 4 devices
2026-02-01 20:43:02 | INFO     | scanner | Health check complete: 4/4 UP
2026-02-01 20:43:02 | INFO     | scanner | Health check complete: 4 UP, 0 DOWN, 0 DEGRADED, 0 alerts in 3.19s
2026-02-01 20:44:02 | INFO     | scanner | Starting health check on 4 devices
2026-02-01 20:44:02 | INFO     | scanner | Health check on 4 devices
2026-02-01 20:44:05 | INFO     | scanner | Health check complete: 4/4 UP
2026-02-01 20:44:05 | INFO     | scanner | Health check complete: 4 UP, 0 DOWN, 0 DEGRADED, 0 alerts in 3.16s
2026-02-01 20:45:05 | INFO     | scanner | Starting health check on 4 devices
2026-02-01 20:45:05 | INFO     | scanner | Health check on 4 devices
2026-02-01 20:45:08 | INFO     | scanner | Health check complete: 4/4 UP
2026-02-01 20:45:08 | INFO     | scanner | Health check complete: 4 UP, 0 DOWN, 0 DEGRADED, 0 alerts in 3.07s
2026-02-01 20:46:08 | INFO     | scanner | Starting health check on 4 devices
2026-02-01 20:46:08 | INFO     | scanner | Health check on 4 devices
2026-02-01 20:46:12 | INFO     | scanner | Health check complete: 4/4 UP
2026-02-01 20:46:12 | INFO     | scanner | Health check complete: 4 UP, 0 DOWN, 0 DEGRADED, 0 alerts in 3.15s
2026-02-01 20:47:12 | INFO     | scanner | Starting health check on 4 devices
2026-02-01 20:47:12 | INFO     | scanner | Health check on 4 devices
2026-02-01 20:47:15 | INFO     | scanner | Health check complete: 4/4 UP
2026-02-01 20:47:15 | INFO     | scanner | Health check complete: 4 UP, 0 DOWN, 0 DEGRADED, 0 alerts in 3.15s
2026-02-01 20:48:15 | INFO     | scanner | Starting health check on 4 devices
2026-02-01 20:48:15 | INFO     | scanner | Health check on 4 devices
2026-02-01 20:48:18 | INFO     | scanner | Health check complete: 4/4 UP
2026-02-01 20:48:18 | INFO     | scanner | Health check complete: 4 UP, 0 DOWN, 0 DEGRADED, 0 alerts in 3.19s
2026-02-01 20:49:18 | INFO     | scanner | Starting health check on 4 devices
2026-02-01 20:49:18 | INFO     | scanner | Health check on 4 devices
2026-02-01 20:49:23 | INFO     | scanner | Health check complete: 3/4 UP
2026-02-01 20:49:23 | INFO     | scanner | Health check complete: 4 UP, 0 DOWN, 0 DEGRADED, 0 alerts in 4.90s
2026-02-01 20:50:23 | INFO     | scanner | Starting health check on 4 devices
2026-02-01 20:50:23 | INFO     | scanner | Health check on 4 devices
2026-02-01 20:50:26 | INFO     | scanner | Health check complete: 4/4 UP
2026-02-01 20:50:26 | INFO     | scanner | Health check complete: 4 UP, 0 DOWN, 0 DEGRADED, 0 alerts in 3.15s
2026-02-01 20:51:26 | INFO     | scanner | Starting health check on 4 devices
2026-02-01 20:51:26 | INFO     | scanner | Health check on 4 devices
2026-02-01 20:51:29 | INFO     | scanner | Health check complete: 4/4 UP
2026-02-01 20:51:29 | INFO     | scanner | Health check complete: 4 UP, 0 DOWN, 0 DEGRADED, 0 alerts in 3.16s
2026-02-01 20:52:29 | INFO     | scanner | Starting health check on 4 devices
2026-02-01 20:52:29 | INFO     | scanner | Health check on 4 devices
2026-02-01 20:52:32 | INFO     | scanner | Health check complete: 4/4 UP
2026-02-01 20:52:32 | INFO     | scanner | Health check complete: 4 UP, 0 DOWN, 0 DEGRADED, 0 alerts in 3.16s
2026-02-01 20:53:32 | INFO     | scanner | Starting health check on 4 devices
2026-02-01 20:53:32 | INFO     | scanner | Health check on 4 devices
2026-02-01 20:53:39 | INFO     | scanner | Health check complete: 3/4 UP
2026-02-01 20:53:39 | INFO     | scanner | Health check complete: 4 UP, 0 DOWN, 0 DEGRADED, 0 alerts in 6.84s
2026-02-01 20:54:39 | INFO     | scanner | Starting health check on 4 devices
2026-02-01 20:54:39 | INFO     | scanner | Health check on 4 devices
2026-02-01 20:54:43 | INFO     | scanner | Health check complete: 4/4 UP
2026-02-01 20:54:43 | INFO     | scanner | Health check complete: 4 UP, 0 DOWN, 0 DEGRADED, 0 alerts in 3.18s
2026-02-01 20:55:43 | INFO     | scanner | Starting health check on 4 devices
2026-02-01 20:55:43 | INFO     | scanner | Health check on 4 devices
2026-02-01 20:55:46 | INFO     | scanner | Health check complete: 4/4 UP
2026-02-01 20:55:46 | INFO     | scanner | Health check complete: 4 UP, 0 DOWN, 0 DEGRADED, 0 alerts in 3.15s
2026-02-01 20:56:46 | INFO     | scanner | Starting health check on 4 devices
2026-02-01 20:56:46 | INFO     | scanner | Health check on 4 devices
2026-02-01 20:56:49 | INFO     | scanner | Health check complete: 4/4 UP
2026-02-01 20:56:49 | INFO     | scanner | Health check complete: 4 UP, 0 DOWN, 0 DEGRADED, 0 alerts in 3.30s
2026-02-01 20:57:49 | INFO     | scanner | Starting health check on 4 devices
2026-02-01 20:57:49 | INFO     | scanner | Health check on 4 devices
2026-02-01 20:57:52 | INFO     | scanner | Health check complete: 4/4 UP
2026-02-01 20:57:52 | INFO     | scanner | Health check complete: 4 UP, 0 DOWN, 0 DEGRADED, 0 alerts in 3.14s
2026-02-01 20:58:52 | INFO     | scanner | Starting health check on 4 devices
2026-02-01 20:58:52 | INFO     | scanner | Health check on 4 devices
2026-02-01 20:58:57 | INFO     | scanner | Health check complete: 3/4 UP
2026-02-01 20:58:57 | INFO     | scanner | Health check complete: 4 UP, 0 DOWN, 0 DEGRADED, 0 alerts in 4.65s
2026-02-01 20:59:57 | INFO     | scanner | Starting health check on 4 devices
2026-02-01 20:59:57 | INFO     | scanner | Health check on 4 devices
2026-02-01 21:00:00 | INFO     | scanner | Health check complete: 4/4 UP
2026-02-01 21:00:00 | INFO     | scanner | Health check complete: 4 UP, 0 DOWN, 0 DEGRADED, 0 alerts in 3.13s
2026-02-01 21:01:00 | INFO     | scanner | Starting health check on 4 devices
2026-02-01 21:01:00 | INFO     | scanner | Health check on 4 devices
2026-02-01 21:01:03 | INFO     | scanner | Health check complete: 4/4 UP
2026-02-01 21:01:03 | INFO     | scanner | Health check complete: 4 UP, 0 DOWN, 0 DEGRADED, 0 alerts in 3.34s
2026-02-01 21:02:03 | INFO     | scanner | Starting health check on 4 devices
2026-02-01 21:02:03 | INFO     | scanner | Health check on 4 devices
2026-02-01 21:02:07 | INFO     | scanner | Health check complete: 4/4 UP
2026-02-01 21:02:07 | INFO     | scanner | Health check complete: 4 UP, 0 DOWN, 0 DEGRADED, 0 alerts in 3.16s
2026-02-01 21:03:07 | INFO     | scanner | Starting health check on 4 devices
2026-02-01 21:03:07 | INFO     | scanner | Health check on 4 devices
2026-02-01 21:03:10 | INFO     | scanner | Health check complete: 4/4 UP
2026-02-01 21:03:10 | INFO     | scanner | Health check complete: 4 UP, 0 DOWN, 0 DEGRADED, 0 alerts in 3.26s
2026-02-01 21:04:10 | INFO     | scanner | Starting health check on 4 devices
2026-02-01 21:04:10 | INFO     | scanner | Health check on 4 devices
2026-02-01 21:04:13 | INFO     | scanner | Health check complete: 4/4 UP
2026-02-01 21:04:13 | INFO     | scanner | Health check complete: 4 UP, 0 DOWN, 0 DEGRADED, 0 alerts in 3.12s
2026-02-01 21:05:13 | INFO     | scanner | Starting health check on 4 devices
2026-02-01 21:05:13 | INFO     | scanner | Health check on 4 devices
2026-02-01 21:05:16 | INFO     | scanner | Health check complete: 4/4 UP
2026-02-01 21:05:16 | INFO     | scanner | Health check complete: 4 UP, 0 DOWN, 0 DEGRADED, 0 alerts in 3.15s
2026-02-01 21:06:16 | INFO     | scanner | Starting health check on 4 devices
2026-02-01 21:06:16 | INFO     | scanner | Health check on 4 devices
2026-02-01 21:06:19 | INFO     | scanner | Health check complete: 4/4 UP
2026-02-01 21:06:19 | INFO     | scanner | Health check complete: 4 UP, 0 DOWN, 0 DEGRADED, 0 alerts in 3.15s
2026-02-01 21:07:19 | INFO     | scanner | Starting health check on 4 devices
2026-02-01 21:07:19 | INFO     | scanner | Health check on 4 devices
2026-02-01 21:07:22 | INFO     | scanner | Health check complete: 4/4 UP
2026-02-01 21:07:22 | INFO     | scanner | Health check complete: 4 UP, 0 DOWN, 0 DEGRADED, 0 alerts in 3.07s
2026-02-01 21:08:22 | INFO     | scanner | Starting health check on 4 devices
2026-02-01 21:08:22 | INFO     | scanner | Health check on 4 devices
2026-02-01 21:08:26 | INFO     | scanner | Health check complete: 4/4 UP
2026-02-01 21:08:26 | INFO     | scanner | Health check complete: 4 UP, 0 DOWN, 0 DEGRADED, 0 alerts in 3.34s
2026-02-01 21:09:26 | INFO     | scanner | Starting health check on 4 devices
2026-02-01 21:09:26 | INFO     | scanner | Health check on 4 devices
2026-02-01 21:09:29 | INFO     | scanner | Health check complete: 4/4 UP
2026-02-01 21:09:29 | INFO     | scanner | Health check complete: 4 UP, 0 DOWN, 0 DEGRADED, 0 alerts in 3.25s
2026-02-01 21:10:29 | INFO     | scanner | Starting health check on 4 devices
2026-02-01 21:10:29 | INFO     | scanner | Health check on 4 devices
2026-02-01 21:10:33 | INFO     | scanner | Health check complete: 4/4 UP
2026-02-01 21:10:33 | INFO     | scanner | Health check complete: 4 UP, 0 DOWN, 0 DEGRADED, 0 alerts in 3.46s
2026-02-01 21:11:33 | INFO     | scanner | Starting health check on 4 devices
2026-02-01 21:11:33 | INFO     | scanner | Health check on 4 devices
2026-02-01 21:11:36 | INFO     | scanner | Health check complete: 4/4 UP
2026-02-01 21:11:36 | INFO     | scanner | Health check complete: 4 UP, 0 DOWN, 0 DEGRADED, 0 alerts in 3.25s
2026-02-01 21:12:36 | INFO     | scanner | Starting health check on 4 devices
2026-02-01 21:12:36 | INFO     | scanner | Health check on 4 devices
2026-02-01 21:12:39 | INFO     | scanner | Health check complete: 4/4 UP
2026-02-01 21:12:39 | INFO     | scanner | Health check complete: 4 UP, 0 DOWN, 0 DEGRADED, 0 alerts in 3.15s
2026-02-01 21:13:39 | INFO     | scanner | Starting health check on 4 devices
2026-02-01 21:13:39 | INFO     | scanner | Health check on 4 devices
2026-02-01 21:13:42 | INFO     | scanner | Health check complete: 4/4 UP
2026-02-01 21:13:42 | INFO     | scanner | Health check complete: 4 UP, 0 DOWN, 0 DEGRADED, 0 alerts in 3.39s
2026-02-01 21:14:42 | INFO     | scanner | Starting health check on 4 devices
2026-02-01 21:14:42 | INFO     | scanner | Health check on 4 devices
2026-02-01 21:14:46 | INFO     | scanner | Health check complete: 4/4 UP
2026-02-01 21:14:46 | INFO     | scanner | Health check complete: 4 UP, 0 DOWN, 0 DEGRADED, 0 alerts in 3.17s
2026-02-01 21:15:46 | INFO     | scanner | Starting health check on 4 devices
2026-02-01 21:15:46 | INFO     | scanner | Health check on 4 devices
2026-02-01 21:15:49 | INFO     | scanner | Health check complete: 4/4 UP
2026-02-01 21:15:49 | INFO     | scanner | Health check complete: 4 UP, 0 DOWN, 0 DEGRADED, 0 alerts in 3.27s
2026-02-01 21:16:49 | INFO     | scanner | Starting health check on 4 devices
2026-02-01 21:16:49 | INFO     | scanner | Health check on 4 devices
2026-02-01 21:16:52 | INFO     | scanner | Health check complete: 4/4 UP
2026-02-01 21:16:52 | INFO     | scanner | Health check complete: 4 UP, 0 DOWN, 0 DEGRADED, 0 alerts in 3.14s
2026-02-01 21:17:52 | INFO     | scanner | Starting health check on 4 devices
2026-02-01 21:17:52 | INFO     | scanner | Health check on 4 devices
2026-02-01 21:17:56 | INFO     | scanner | Health check complete: 4/4 UP
2026-02-01 21:17:56 | INFO     | scanner | Health check complete: 4 UP, 0 DOWN, 0 DEGRADED, 0 alerts in 3.45s
2026-02-01 21:18:56 | INFO     | scanner | Starting health check on 4 devices
2026-02-01 21:18:56 | INFO     | scanner | Health check on 4 devices
2026-02-01 21:18:59 | INFO     | scanner | Health check complete: 4/4 UP
2026-02-01 21:18:59 | INFO     | scanner | Health check complete: 4 UP, 0 DOWN, 0 DEGRADED, 0 alerts in 3.16s
2026-02-01 21:19:59 | INFO     | scanner | Starting health check on 4 devices
2026-02-01 21:19:59 | INFO     | scanner | Health check on 4 devices
2026-02-01 21:20:02 | INFO     | scanner | Health check complete: 4/4 UP
2026-02-01 21:20:02 | INFO     | scanner | Health check complete: 4 UP, 0 DOWN, 0 DEGRADED, 0 alerts in 3.14s
2026-02-01 21:21:02 | INFO     | scanner | Starting health check on 4 devices
2026-02-01 21:21:02 | INFO     | scanner | Health check on 4 devices
2026-02-01 21:21:07 | INFO     | scanner | Health check complete: 3/4 UP
2026-02-01 21:21:07 | INFO     | scanner | Health check complete: 4 UP, 0 DOWN, 0 DEGRADED, 0 alerts in 5.00s
2026-02-01 21:22:07 | INFO     | scanner | Starting health check on 4 devices
2026-02-01 21:22:07 | INFO     | scanner | Health check on 4 devices
2026-02-01 21:22:10 | INFO     | scanner | Health check complete: 4/4 UP
2026-02-01 21:22:10 | INFO     | scanner | Health check complete: 4 UP, 0 DOWN, 0 DEGRADED, 0 alerts in 3.46s
2026-02-01 21:23:10 | INFO     | scanner | Starting health check on 4 devices
2026-02-01 21:23:10 | INFO     | scanner | Health check on 4 devices
2026-02-01 21:23:14 | INFO     | scanner | Health check complete: 4/4 UP
2026-02-01 21:23:14 | INFO     | scanner | Health check complete: 4 UP, 0 DOWN, 0 DEGRADED, 0 alerts in 3.25s
2026-02-01 21:24:14 | INFO     | scanner | Starting health check on 4 devices
2026-02-01 21:24:14 | INFO     | scanner | Health check on 4 devices
2026-02-01 21:24:17 | INFO     | scanner | Health check complete: 4/4 UP
2026-02-01 21:24:17 | INFO     | scanner | Health check complete: 4 UP, 0 DOWN, 0 DEGRADED, 0 alerts in 3.38s
2026-02-01 21:25:17 | INFO     | scanner | Starting health check on 4 devices
2026-02-01 21:25:17 | INFO     | scanner | Health check on 4 devices
2026-02-01 21:25:20 | INFO     | scanner | Health check complete: 4/4 UP
2026-02-01 21:25:20 | INFO     | scanner | Health check complete: 4 UP, 0 DOWN, 0 DEGRADED, 0 alerts in 3.24s
2026-02-01 21:26:20 | INFO     | scanner | Starting health check on 4 devices
2026-02-01 21:26:20 | INFO     | scanner | Health check on 4 devices
2026-02-01 21:26:24 | INFO     | scanner | Health check complete: 4/4 UP
2026-02-01 21:26:24 | INFO     | scanner | Health check complete: 4 UP, 0 DOWN, 0 DEGRADED, 0 alerts in 3.26s
2026-02-01 21:27:24 | INFO     | scanner | Starting health check on 4 devices
2026-02-01 21:27:24 | INFO     | scanner | Health check on 4 devices
2026-02-01 21:27:27 | INFO     | scanner | Health check complete: 4/4 UP
2026-02-01 21:27:27 | INFO     | scanner | Health check complete: 4 UP, 0 DOWN, 0 DEGRADED, 0 alerts in 3.27s
2026-02-01 21:28:27 | INFO     | scanner | Starting health check on 4 devices
2026-02-01 21:28:27 | INFO     | scanner | Health check on 4 devices
2026-02-01 21:28:30 | INFO     | scanner | Health check complete: 4/4 UP
2026-02-01 21:28:30 | INFO     | scanner | Health check complete: 4 UP, 0 DOWN, 0 DEGRADED, 0 alerts in 3.20s
2026-02-01 21:29:30 | INFO     | scanner | Starting health check on 4 devices
2026-02-01 21:29:30 | INFO     | scanner | Health check on 4 devices
2026-02-01 21:29:33 | INFO     | scanner | Health check complete: 4/4 UP
2026-02-01 21:29:33 | INFO     | scanner | Health check complete: 4 UP, 0 DOWN, 0 DEGRADED, 0 alerts in 3.17s
2026-02-01 21:30:33 | INFO     | scanner | Starting health check on 4 devices
2026-02-01 21:30:33 | INFO     | scanner | Health check on 4 devices
2026-02-01 21:30:37 | INFO     | scanner | Health check complete: 4/4 UP
2026-02-01 21:30:37 | INFO     | scanner | Health check complete: 4 UP, 0 DOWN, 0 DEGRADED, 0 alerts in 3.14s
2026-02-01 21:31:37 | INFO     | scanner | Starting health check on 4 devices
2026-02-01 21:31:37 | INFO     | scanner | Health check on 4 devices
2026-02-01 21:31:40 | INFO     | scanner | Health check complete: 4/4 UP
2026-02-01 21:31:40 | INFO     | scanner | Health check complete: 4 UP, 0 DOWN, 0 DEGRADED, 0 alerts in 3.39s
2026-02-01 21:32:40 | INFO     | scanner | Starting health check on 4 devices
2026-02-01 21:32:40 | INFO     | scanner | Health check on 4 devices
2026-02-01 21:32:43 | INFO     | scanner | Health check complete: 4/4 UP
2026-02-01 21:32:43 | INFO     | scanner | Health check complete: 4 UP, 0 DOWN, 0 DEGRADED, 0 alerts in 3.11s
2026-02-01 21:33:43 | INFO     | scanner | Starting health check on 4 devices
2026-02-01 21:33:43 | INFO     | scanner | Health check on 4 devices
2026-02-01 21:33:47 | INFO     | scanner | Health check complete: 4/4 UP
2026-02-01 21:33:47 | INFO     | scanner | Health check complete: 4 UP, 0 DOWN, 0 DEGRADED, 0 alerts in 3.48s
2026-02-01 21:34:47 | INFO     | scanner | Starting health check on 4 devices
2026-02-01 21:34:47 | INFO     | scanner | Health check on 4 devices
2026-02-01 21:34:50 | INFO     | scanner | Health check complete: 4/4 UP
2026-02-01 21:34:50 | INFO     | scanner | Health check complete: 4 UP, 0 DOWN, 0 DEGRADED, 0 alerts in 3.44s
2026-02-01 21:35:50 | INFO     | scanner | Starting health check on 4 devices
2026-02-01 21:35:50 | INFO     | scanner | Health check on 4 devices
2026-02-01 21:35:53 | INFO     | scanner | Health check complete: 4/4 UP
2026-02-01 21:35:53 | INFO     | scanner | Health check complete: 4 UP, 0 DOWN, 0 DEGRADED, 0 alerts in 3.35s
2026-02-01 21:36:54 | INFO     | scanner | Starting health check on 4 devices
2026-02-01 21:36:54 | INFO     | scanner | Health check on 4 devices
2026-02-01 21:36:57 | INFO     | scanner | Health check complete: 4/4 UP
2026-02-01 21:36:57 | INFO     | scanner | Health check complete: 4 UP, 0 DOWN, 0 DEGRADED, 0 alerts in 3.25s
2026-02-01 21:37:57 | INFO     | scanner | Starting health check on 4 devices
2026-02-01 21:37:57 | INFO     | scanner | Health check on 4 devices
2026-02-01 21:38:00 | INFO     | scanner | Health check complete: 4/4 UP
2026-02-01 21:38:00 | INFO     | scanner | Health check complete: 4 UP, 0 DOWN, 0 DEGRADED, 0 alerts in 3.26s
2026-02-01 21:39:00 | INFO     | scanner | Starting health check on 4 devices
2026-02-01 21:39:00 | INFO     | scanner | Health check on 4 devices
2026-02-01 21:39:03 | INFO     | scanner | Health check complete: 4/4 UP
2026-02-01 21:39:03 | INFO     | scanner | Health check complete: 4 UP, 0 DOWN, 0 DEGRADED, 0 alerts in 3.40s
2026-02-01 21:40:03 | INFO     | scanner | Starting health check on 4 devices
2026-02-01 21:40:03 | INFO     | scanner | Health check on 4 devices
2026-02-01 21:40:07 | INFO     | scanner | Health check complete: 4/4 UP
2026-02-01 21:40:07 | INFO     | scanner | Health check complete: 4 UP, 0 DOWN, 0 DEGRADED, 0 alerts in 3.22s
2026-02-01 21:41:07 | INFO     | scanner | Starting health check on 4 devices
2026-02-01 21:41:07 | INFO     | scanner | Health check on 4 devices
2026-02-01 21:41:11 | INFO     | scanner | Health check complete: 3/4 UP
2026-02-01 21:41:11 | INFO     | scanner | Health check complete: 4 UP, 0 DOWN, 0 DEGRADED, 0 alerts in 4.68s
2026-02-01 21:42:11 | INFO     | scanner | Starting health check on 4 devices
2026-02-01 21:42:11 | INFO     | scanner | Health check on 4 devices
2026-02-01 21:42:15 | INFO     | scanner | Health check complete: 4/4 UP
2026-02-01 21:42:15 | INFO     | scanner | Health check complete: 4 UP, 0 DOWN, 0 DEGRADED, 0 alerts in 3.40s
2026-02-01 21:43:15 | INFO     | scanner | Starting health check on 4 devices
2026-02-01 21:43:15 | INFO     | scanner | Health check on 4 devices
2026-02-01 21:43:20 | INFO     | scanner | Health check complete: 3/4 UP
2026-02-01 21:43:20 | INFO     | scanner | Health check complete: 4 UP, 0 DOWN, 0 DEGRADED, 0 alerts in 4.97s
2026-02-01 21:44:20 | INFO     | scanner | Starting health check on 4 devices
2026-02-01 21:44:20 | INFO     | scanner | Health check on 4 devices
2026-02-01 21:44:23 | INFO     | scanner | Health check complete: 4/4 UP
2026-02-01 21:44:23 | INFO     | scanner | Health check complete: 4 UP, 0 DOWN, 0 DEGRADED, 0 alerts in 3.48s
2026-02-01 21:45:23 | INFO     | scanner | Starting health check on 4 devices
2026-02-01 21:45:23 | INFO     | scanner | Health check on 4 devices
2026-02-01 21:45:27 | INFO     | scanner | Health check complete: 4/4 UP
2026-02-01 21:45:27 | INFO     | scanner | Health check complete: 4 UP, 0 DOWN, 0 DEGRADED, 0 alerts in 3.45s
2026-02-01 21:46:27 | INFO     | scanner | Starting health check on 4 devices
2026-02-01 21:46:27 | INFO     | scanner | Health check on 4 devices
2026-02-01 21:46:32 | INFO     | scanner | Health check complete: 3/4 UP
2026-02-01 21:46:32 | INFO     | scanner | Health check complete: 4 UP, 0 DOWN, 0 DEGRADED, 0 alerts in 5.00s
2026-02-01 21:47:32 | INFO     | scanner | Starting health check on 4 devices
2026-02-01 21:47:32 | INFO     | scanner | Health check on 4 devices
2026-02-01 21:47:35 | INFO     | scanner | Health check complete: 4/4 UP
2026-02-01 21:47:35 | INFO     | scanner | Health check complete: 4 UP, 0 DOWN, 0 DEGRADED, 0 alerts in 3.36s
2026-02-01 21:48:35 | INFO     | scanner | Starting health check on 4 devices
2026-02-01 21:48:35 | INFO     | scanner | Health check on 4 devices
2026-02-01 21:48:39 | INFO     | scanner | Health check complete: 4/4 UP
2026-02-01 21:48:39 | INFO     | scanner | Health check complete: 4 UP, 0 DOWN, 0 DEGRADED, 0 alerts in 3.45s
2026-02-01 21:49:39 | INFO     | scanner | Starting health check on 4 devices
2026-02-01 21:49:39 | INFO     | scanner | Health check on 4 devices
2026-02-01 21:49:42 | INFO     | scanner | Health check complete: 4/4 UP
2026-02-01 21:49:42 | INFO     | scanner | Health check complete: 4 UP, 0 DOWN, 0 DEGRADED, 0 alerts in 3.43s
2026-02-01 21:50:42 | INFO     | scanner | Starting health check on 4 devices
2026-02-01 21:50:42 | INFO     | scanner | Health check on 4 devices
2026-02-01 21:50:45 | INFO     | scanner | Health check complete: 4/4 UP
2026-02-01 21:50:45 | INFO     | scanner | Health check complete: 4 UP, 0 DOWN, 0 DEGRADED, 0 alerts in 3.26s
2026-02-01 21:51:45 | INFO     | scanner | Starting health check on 4 devices
2026-02-01 21:51:45 | INFO     | scanner | Health check on 4 devices
2026-02-01 21:51:50 | INFO     | scanner | Health check complete: 3/4 UP
2026-02-01 21:51:50 | INFO     | scanner | Health check complete: 4 UP, 0 DOWN, 0 DEGRADED, 0 alerts in 4.85s
2026-02-01 21:52:50 | INFO     | scanner | Starting health check on 4 devices
2026-02-01 21:52:50 | INFO     | scanner | Health check on 4 devices
2026-02-01 21:52:54 | INFO     | scanner | Health check complete: 4/4 UP
2026-02-01 21:52:54 | INFO     | scanner | Health check complete: 4 UP, 0 DOWN, 0 DEGRADED, 0 alerts in 3.60s
2026-02-01 21:53:54 | INFO     | scanner | Starting health check on 4 devices
2026-02-01 21:53:54 | INFO     | scanner | Health check on 4 devices
2026-02-01 21:53:57 | INFO     | scanner | Health check complete: 4/4 UP
2026-02-01 21:53:57 | INFO     | scanner | Health check complete: 4 UP, 0 DOWN, 0 DEGRADED, 0 alerts in 3.38s
2026-02-01 21:54:57 | INFO     | scanner | Starting health check on 4 devices
2026-02-01 21:54:57 | INFO     | scanner | Health check on 4 devices
2026-02-01 21:55:01 | INFO     | scanner | Health check complete: 4/4 UP
2026-02-01 21:55:01 | INFO     | scanner | Health check complete: 4 UP, 0 DOWN, 0 DEGRADED, 0 alerts in 3.58s
2026-02-01 21:56:01 | INFO     | scanner | Starting health check on 4 devices
2026-02-01 21:56:01 | INFO     | scanner | Health check on 4 devices
2026-02-01 21:56:04 | INFO     | scanner | Health check complete: 4/4 UP
2026-02-01 21:56:04 | INFO     | scanner | Health check complete: 4 UP, 0 DOWN, 0 DEGRADED, 0 alerts in 3.26s
2026-02-01 21:57:04 | INFO     | scanner | Starting health check on 4 devices
2026-02-01 21:57:04 | INFO     | scanner | Health check on 4 devices
2026-02-01 21:57:08 | INFO     | scanner | Health check complete: 4/4 UP
2026-02-01 21:57:08 | INFO     | scanner | Health check complete: 4 UP, 0 DOWN, 0 DEGRADED, 0 alerts in 3.55s
2026-02-01 21:58:08 | INFO     | scanner | Starting health check on 4 devices
2026-02-01 21:58:08 | INFO     | scanner | Health check on 4 devices
2026-02-01 21:58:13 | INFO     | scanner | Health check complete: 3/4 UP
2026-02-01 21:58:13 | INFO     | scanner | Health check complete: 4 UP, 0 DOWN, 0 DEGRADED, 0 alerts in 4.95s
2026-02-01 21:59:13 | INFO     | scanner | Starting health check on 4 devices
2026-02-01 21:59:13 | INFO     | scanner | Health check on 4 devices
2026-02-01 21:59:16 | INFO     | scanner | Health check complete: 4/4 UP
2026-02-01 21:59:16 | INFO     | scanner | Health check complete: 4 UP, 0 DOWN, 0 DEGRADED, 0 alerts in 3.18s
2026-02-01 22:00:16 | INFO     | scanner | Starting health check on 4 devices
2026-02-01 22:00:16 | INFO     | scanner | Health check on 4 devices
2026-02-01 22:00:19 | INFO     | scanner | Health check complete: 4/4 UP
2026-02-01 22:00:19 | INFO     | scanner | Health check complete: 4 UP, 0 DOWN, 0 DEGRADED, 0 alerts in 3.15s
2026-02-01 22:01:19 | INFO     | scanner | Starting health check on 4 devices
2026-02-01 22:01:19 | INFO     | scanner | Health check on 4 devices
2026-02-01 22:01:23 | INFO     | scanner | Health check complete: 4/4 UP
2026-02-01 22:01:23 | INFO     | scanner | Health check complete: 4 UP, 0 DOWN, 0 DEGRADED, 0 alerts in 3.44s
2026-02-01 22:02:23 | INFO     | scanner | Starting health check on 4 devices
2026-02-01 22:02:23 | INFO     | scanner | Health check on 4 devices
2026-02-01 22:02:26 | INFO     | scanner | Health check complete: 4/4 UP
2026-02-01 22:02:26 | INFO     | scanner | Health check complete: 4 UP, 0 DOWN, 0 DEGRADED, 0 alerts in 3.35s
2026-02-01 22:03:26 | INFO     | scanner | Starting health check on 4 devices
2026-02-01 22:03:26 | INFO     | scanner | Health check on 4 devices
2026-02-01 22:03:30 | INFO     | scanner | Health check complete: 4/4 UP
2026-02-01 22:03:30 | INFO     | scanner | Health check complete: 4 UP, 0 DOWN, 0 DEGRADED, 0 alerts in 3.48s
2026-02-01 22:04:30 | INFO     | scanner | Starting health check on 4 devices
2026-02-01 22:04:30 | INFO     | scanner | Health check on 4 devices
2026-02-01 22:04:33 | INFO     | scanner | Health check complete: 4/4 UP
2026-02-01 22:04:33 | INFO     | scanner | Health check complete: 4 UP, 0 DOWN, 0 DEGRADED, 0 alerts in 3.15s
2026-02-01 22:05:33 | INFO     | scanner | Starting health check on 4 devices
2026-02-01 22:05:33 | INFO     | scanner | Health check on 4 devices
2026-02-01 22:05:36 | INFO     | scanner | Health check complete: 4/4 UP
2026-02-01 22:05:36 | INFO     | scanner | Health check complete: 4 UP, 0 DOWN, 0 DEGRADED, 0 alerts in 3.47s
2026-02-01 22:06:36 | INFO     | scanner | Starting health check on 4 devices
2026-02-01 22:06:36 | INFO     | scanner | Health check on 4 devices
2026-02-01 22:06:39 | INFO     | scanner | Health check complete: 4/4 UP
2026-02-01 22:06:39 | INFO     | scanner | Health check complete: 4 UP, 0 DOWN, 0 DEGRADED, 0 alerts in 3.18s
2026-02-01 22:07:39 | INFO     | scanner | Starting health check on 4 devices
2026-02-01 22:07:39 | INFO     | scanner | Health check on 4 devices
2026-02-01 22:07:43 | INFO     | scanner | Health check complete: 4/4 UP
2026-02-01 22:07:43 | INFO     | scanner | Health check complete: 4 UP, 0 DOWN, 0 DEGRADED, 0 alerts in 3.51s
2026-02-01 22:08:43 | INFO     | scanner | Starting health check on 4 devices
2026-02-01 22:08:43 | INFO     | scanner | Health check on 4 devices
2026-02-01 22:08:48 | INFO     | scanner | Health check complete: 3/4 UP
2026-02-01 22:08:48 | INFO     | scanner | Health check complete: 4 UP, 0 DOWN, 0 DEGRADED, 0 alerts in 4.85s
2026-02-01 22:09:48 | INFO     | scanner | Starting health check on 4 devices
2026-02-01 22:09:48 | INFO     | scanner | Health check on 4 devices
2026-02-01 22:09:51 | INFO     | scanner | Health check complete: 4/4 UP
2026-02-01 22:09:51 | INFO     | scanner | Health check complete: 4 UP, 0 DOWN, 0 DEGRADED, 0 alerts in 3.41s
2026-02-01 22:10:51 | INFO     | scanner | Starting health check on 4 devices
2026-02-01 22:10:51 | INFO     | scanner | Health check on 4 devices
2026-02-01 22:10:55 | INFO     | scanner | Health check complete: 4/4 UP
2026-02-01 22:10:55 | INFO     | scanner | Health check complete: 4 UP, 0 DOWN, 0 DEGRADED, 0 alerts in 3.35s
2026-02-01 22:11:55 | INFO     | scanner | Starting health check on 4 devices
2026-02-01 22:11:55 | INFO     | scanner | Health check on 4 devices
2026-02-01 22:11:58 | INFO     | scanner | Health check complete: 4/4 UP
2026-02-01 22:11:58 | INFO     | scanner | Health check complete: 4 UP, 0 DOWN, 0 DEGRADED, 0 alerts in 3.25s
2026-02-01 22:12:58 | INFO     | scanner | Starting health check on 4 devices
2026-02-01 22:12:58 | INFO     | scanner | Health check on 4 devices
2026-02-01 22:13:01 | INFO     | scanner | Health check complete: 4/4 UP
2026-02-01 22:13:01 | INFO     | scanner | Health check complete: 4 UP, 0 DOWN, 0 DEGRADED, 0 alerts in 3.18s
2026-02-01 22:14:01 | INFO     | scanner | Starting health check on 4 devices
2026-02-01 22:14:01 | INFO     | scanner | Health check on 4 devices
2026-02-01 22:14:04 | INFO     | scanner | Health check complete: 4/4 UP
2026-02-01 22:14:04 | INFO     | scanner | Health check complete: 4 UP, 0 DOWN, 0 DEGRADED, 0 alerts in 3.08s
2026-02-01 22:15:04 | INFO     | scanner | Starting health check on 4 devices
2026-02-01 22:15:04 | INFO     | scanner | Health check on 4 devices
2026-02-01 22:15:07 | INFO     | scanner | Health check complete: 4/4 UP
2026-02-01 22:15:07 | INFO     | scanner | Health check complete: 4 UP, 0 DOWN, 0 DEGRADED, 0 alerts in 3.08s
2026-02-01 22:16:07 | INFO     | scanner | Starting health check on 4 devices
2026-02-01 22:16:07 | INFO     | scanner | Health check on 4 devices
2026-02-01 22:16:10 | INFO     | scanner | Health check complete: 4/4 UP
2026-02-01 22:16:10 | INFO     | scanner | Health check complete: 4 UP, 0 DOWN, 0 DEGRADED, 0 alerts in 3.11s
2026-02-01 22:17:11 | INFO     | scanner | Starting health check on 4 devices
2026-02-01 22:17:11 | INFO     | scanner | Health check on 4 devices
2026-02-01 22:17:14 | INFO     | scanner | Health check complete: 4/4 UP
2026-02-01 22:17:14 | INFO     | scanner | Health check complete: 4 UP, 0 DOWN, 0 DEGRADED, 0 alerts in 3.07s
2026-02-01 22:18:14 | INFO     | scanner | Starting health check on 4 devices
2026-02-01 22:18:14 | INFO     | scanner | Health check on 4 devices
2026-02-01 22:18:17 | INFO     | scanner | Health check complete: 4/4 UP
2026-02-01 22:18:17 | INFO     | scanner | Health check complete: 4 UP, 0 DOWN, 0 DEGRADED, 0 alerts in 3.09s
2026-02-01 22:19:17 | INFO     | scanner | Starting health check on 4 devices
2026-02-01 22:19:17 | INFO     | scanner | Health check on 4 devices
2026-02-01 22:19:20 | INFO     | scanner | Health check complete: 4/4 UP
2026-02-01 22:19:20 | INFO     | scanner | Health check complete: 4 UP, 0 DOWN, 0 DEGRADED, 0 alerts in 3.08s
2026-02-01 22:20:20 | INFO     | scanner | Starting health check on 4 devices
2026-02-01 22:20:20 | INFO     | scanner | Health check on 4 devices
2026-02-01 22:20:23 | INFO     | scanner | Health check complete: 4/4 UP
2026-02-01 22:20:23 | INFO     | scanner | Health check complete: 4 UP, 0 DOWN, 0 DEGRADED, 0 alerts in 3.11s
2026-02-01 22:21:23 | INFO     | scanner | Starting health check on 4 devices
2026-02-01 22:21:23 | INFO     | scanner | Health check on 4 devices
2026-02-01 22:21:26 | INFO     | scanner | Health check complete: 4/4 UP
2026-02-01 22:21:26 | INFO     | scanner | Health check complete: 4 UP, 0 DOWN, 0 DEGRADED, 0 alerts in 3.33s
2026-02-01 22:22:26 | INFO     | scanner | Starting health check on 4 devices
2026-02-01 22:22:26 | INFO     | scanner | Health check on 4 devices
2026-02-01 22:22:29 | INFO     | scanner | Health check complete: 4/4 UP
2026-02-01 22:22:29 | INFO     | scanner | Health check complete: 4 UP, 0 DOWN, 0 DEGRADED, 0 alerts in 3.07s
2026-02-01 22:23:29 | INFO     | scanner | Starting health check on 4 devices
2026-02-01 22:23:29 | INFO     | scanner | Health check on 4 devices
2026-02-01 22:23:33 | INFO     | scanner | Health check complete: 4/4 UP
2026-02-01 22:23:33 | INFO     | scanner | Health check complete: 4 UP, 0 DOWN, 0 DEGRADED, 0 alerts in 3.33s
2026-02-01 22:24:33 | INFO     | scanner | Starting health check on 4 devices
2026-02-01 22:24:33 | INFO     | scanner | Health check on 4 devices
2026-02-01 22:24:38 | INFO     | scanner | Health check complete: 3/4 UP
2026-02-01 22:24:38 | INFO     | scanner | Health check complete: 4 UP, 0 DOWN, 0 DEGRADED, 0 alerts in 5.05s
2026-02-01 22:25:38 | INFO     | scanner | Starting health check on 4 devices
2026-02-01 22:25:38 | INFO     | scanner | Health check on 4 devices
2026-02-01 22:25:43 | INFO     | scanner | Health check complete: 3/4 UP
2026-02-01 22:25:43 | INFO     | scanner | Health check complete: 3 UP, 1 DOWN, 0 DEGRADED, 0 alerts in 4.97s
2026-02-01 22:26:43 | INFO     | scanner | Starting health check on 4 devices
2026-02-01 22:26:43 | INFO     | scanner | Health check on 4 devices
2026-02-01 22:26:46 | INFO     | scanner | Health check complete: 4/4 UP
2026-02-01 22:26:46 | INFO     | scanner | Health check complete: 4 UP, 0 DOWN, 0 DEGRADED, 0 alerts in 3.10s
2026-02-01 22:27:46 | INFO     | scanner | Starting health check on 4 devices
2026-02-01 22:27:46 | INFO     | scanner | Health check on 4 devices
2026-02-01 22:27:49 | INFO     | scanner | Health check complete: 4/4 UP
2026-02-01 22:27:49 | INFO     | scanner | Health check complete: 4 UP, 0 DOWN, 0 DEGRADED, 0 alerts in 3.17s
2026-02-01 22:28:49 | INFO     | scanner | Starting health check on 4 devices
2026-02-01 22:28:49 | INFO     | scanner | Health check on 4 devices
2026-02-01 22:28:53 | INFO     | scanner | Health check complete: 4/4 UP
2026-02-01 22:28:53 | INFO     | scanner | Health check complete: 4 UP, 0 DOWN, 0 DEGRADED, 0 alerts in 3.35s
2026-02-01 22:29:53 | INFO     | scanner | Starting health check on 4 devices
2026-02-01 22:29:53 | INFO     | scanner | Health check on 4 devices
2026-02-01 22:29:56 | INFO     | scanner | Health check complete: 4/4 UP
2026-02-01 22:29:56 | INFO     | scanner | Health check complete: 4 UP, 0 DOWN, 0 DEGRADED, 0 alerts in 3.36s
2026-02-01 22:30:56 | INFO     | scanner | Starting health check on 4 devices
2026-02-01 22:30:56 | INFO     | scanner | Health check on 4 devices
2026-02-01 22:30:59 | INFO     | scanner | Health check complete: 4/4 UP
2026-02-01 22:30:59 | INFO     | scanner | Health check complete: 4 UP, 0 DOWN, 0 DEGRADED, 0 alerts in 3.25s
2026-02-01 22:31:59 | INFO     | scanner | Starting health check on 4 devices
2026-02-01 22:31:59 | INFO     | scanner | Health check on 4 devices
2026-02-01 22:32:02 | INFO     | scanner | Health check complete: 4/4 UP
2026-02-01 22:32:02 | INFO     | scanner | Health check complete: 4 UP, 0 DOWN, 0 DEGRADED, 0 alerts in 3.16s
2026-02-01 22:33:02 | INFO     | scanner | Starting health check on 4 devices
2026-02-01 22:33:02 | INFO     | scanner | Health check on 4 devices
2026-02-01 22:33:06 | INFO     | scanner | Health check complete: 4/4 UP
2026-02-01 22:33:06 | INFO     | scanner | Health check complete: 4 UP, 0 DOWN, 0 DEGRADED, 0 alerts in 3.59s
2026-02-01 22:34:06 | INFO     | scanner | Starting health check on 4 devices
2026-02-01 22:34:06 | INFO     | scanner | Health check on 4 devices
2026-02-01 22:34:09 | INFO     | scanner | Health check complete: 4/4 UP
2026-02-01 22:34:09 | INFO     | scanner | Health check complete: 4 UP, 0 DOWN, 0 DEGRADED, 0 alerts in 3.35s
2026-02-01 22:35:09 | INFO     | scanner | Starting health check on 4 devices
2026-02-01 22:35:09 | INFO     | scanner | Health check on 4 devices
2026-02-01 22:35:14 | INFO     | scanner | Health check complete: 3/4 UP
2026-02-01 22:35:14 | INFO     | scanner | Health check complete: 4 UP, 0 DOWN, 0 DEGRADED, 0 alerts in 4.99s
2026-02-01 22:36:14 | INFO     | scanner | Starting health check on 4 devices
2026-02-01 22:36:14 | INFO     | scanner | Health check on 4 devices
2026-02-01 22:36:18 | INFO     | scanner | Health check complete: 4/4 UP
2026-02-01 22:36:18 | INFO     | scanner | Health check complete: 4 UP, 0 DOWN, 0 DEGRADED, 0 alerts in 3.38s
2026-02-01 22:37:18 | INFO     | scanner | Starting health check on 4 devices
2026-02-01 22:37:18 | INFO     | scanner | Health check on 4 devices
2026-02-01 22:37:22 | INFO     | scanner | Health check complete: 3/4 UP
2026-02-01 22:37:22 | INFO     | scanner | Health check complete: 4 UP, 0 DOWN, 0 DEGRADED, 0 alerts in 4.57s
2026-02-01 22:38:22 | INFO     | scanner | Starting health check on 4 devices
2026-02-01 22:38:22 | INFO     | scanner | Health check on 4 devices
2026-02-01 22:38:26 | INFO     | scanner | Health check complete: 4/4 UP
2026-02-01 22:38:26 | INFO     | scanner | Health check complete: 4 UP, 0 DOWN, 0 DEGRADED, 0 alerts in 3.15s
2026-02-01 22:39:26 | INFO     | scanner | Starting health check on 4 devices
2026-02-01 22:39:26 | INFO     | scanner | Health check on 4 devices
2026-02-01 22:39:30 | INFO     | scanner | Health check complete: 3/4 UP
2026-02-01 22:39:30 | INFO     | scanner | Health check complete: 4 UP, 0 DOWN, 0 DEGRADED, 0 alerts in 4.77s
2026-02-01 22:40:30 | INFO     | scanner | Starting health check on 4 devices
2026-02-01 22:40:30 | INFO     | scanner | Health check on 4 devices
2026-02-01 22:40:33 | INFO     | scanner | Health check complete: 4/4 UP
2026-02-01 22:40:33 | INFO     | scanner | Health check complete: 4 UP, 0 DOWN, 0 DEGRADED, 0 alerts in 3.09s
2026-02-01 22:41:33 | INFO     | scanner | Starting health check on 4 devices
2026-02-01 22:41:33 | INFO     | scanner | Health check on 4 devices
2026-02-01 22:41:37 | INFO     | scanner | Health check complete: 4/4 UP
2026-02-01 22:41:37 | INFO     | scanner | Health check complete: 4 UP, 0 DOWN, 0 DEGRADED, 0 alerts in 3.07s
2026-02-01 22:42:37 | INFO     | scanner | Starting health check on 4 devices
2026-02-01 22:42:37 | INFO     | scanner | Health check on 4 devices
2026-02-01 22:42:40 | INFO     | scanner | Health check complete: 4/4 UP
2026-02-01 22:42:40 | INFO     | scanner | Health check complete: 4 UP, 0 DOWN, 0 DEGRADED, 0 alerts in 3.12s
2026-02-01 22:43:40 | INFO     | scanner | Starting health check on 4 devices
2026-02-01 22:43:40 | INFO     | scanner | Health check on 4 devices
2026-02-01 22:43:43 | INFO     | scanner | Health check complete: 4/4 UP
2026-02-01 22:43:43 | INFO     | scanner | Health check complete: 4 UP, 0 DOWN, 0 DEGRADED, 0 alerts in 3.40s
2026-02-01 22:44:43 | INFO     | scanner | Starting health check on 4 devices
2026-02-01 22:44:43 | INFO     | scanner | Health check on 4 devices
2026-02-01 22:44:48 | INFO     | scanner | Health check complete: 3/4 UP
2026-02-01 22:44:48 | INFO     | scanner | Health check complete: 4 UP, 0 DOWN, 0 DEGRADED, 0 alerts in 4.69s
2026-02-01 22:45:48 | INFO     | scanner | Starting health check on 4 devices
2026-02-01 22:45:48 | INFO     | scanner | Health check on 4 devices
2026-02-01 22:45:51 | INFO     | scanner | Health check complete: 4/4 UP
2026-02-01 22:45:51 | INFO     | scanner | Health check complete: 4 UP, 0 DOWN, 0 DEGRADED, 0 alerts in 3.20s
2026-02-01 22:46:51 | INFO     | scanner | Starting health check on 4 devices
2026-02-01 22:46:51 | INFO     | scanner | Health check on 4 devices
2026-02-01 22:46:54 | INFO     | scanner | Health check complete: 4/4 UP
2026-02-01 22:46:54 | INFO     | scanner | Health check complete: 4 UP, 0 DOWN, 0 DEGRADED, 0 alerts in 3.16s
2026-02-01 22:47:54 | INFO     | scanner | Starting health check on 4 devices
2026-02-01 22:47:54 | INFO     | scanner | Health check on 4 devices
2026-02-01 22:47:58 | INFO     | scanner | Health check complete: 4/4 UP
2026-02-01 22:47:58 | INFO     | scanner | Health check complete: 4 UP, 0 DOWN, 0 DEGRADED, 0 alerts in 3.58s
2026-02-01 22:48:58 | INFO     | scanner | Starting health check on 4 devices
2026-02-01 22:48:58 | INFO     | scanner | Health check on 4 devices
2026-02-01 22:49:01 | INFO     | scanner | Health check complete: 4/4 UP
2026-02-01 22:49:01 | INFO     | scanner | Health check complete: 4 UP, 0 DOWN, 0 DEGRADED, 0 alerts in 3.06s
2026-02-01 22:50:01 | INFO     | scanner | Starting health check on 4 devices
2026-02-01 22:50:01 | INFO     | scanner | Health check on 4 devices
2026-02-01 22:50:04 | INFO     | scanner | Health check complete: 4/4 UP
2026-02-01 22:50:04 | INFO     | scanner | Health check complete: 4 UP, 0 DOWN, 0 DEGRADED, 0 alerts in 3.25s
2026-02-01 22:51:04 | INFO     | scanner | Starting health check on 4 devices
2026-02-01 22:51:04 | INFO     | scanner | Health check on 4 devices
2026-02-01 22:51:08 | INFO     | scanner | Health check complete: 4/4 UP
2026-02-01 22:51:08 | INFO     | scanner | Health check complete: 4 UP, 0 DOWN, 0 DEGRADED, 0 alerts in 3.60s
2026-02-01 22:52:08 | INFO     | scanner | Starting health check on 4 devices
2026-02-01 22:52:08 | INFO     | scanner | Health check on 4 devices
2026-02-01 22:52:13 | INFO     | scanner | Health check complete: 3/4 UP
2026-02-01 22:52:13 | INFO     | scanner | Health check complete: 4 UP, 0 DOWN, 0 DEGRADED, 0 alerts in 5.00s
2026-02-01 22:53:13 | INFO     | scanner | Starting health check on 4 devices
2026-02-01 22:53:13 | INFO     | scanner | Health check on 4 devices
2026-02-01 22:53:16 | INFO     | scanner | Health check complete: 4/4 UP
2026-02-01 22:53:16 | INFO     | scanner | Health check complete: 4 UP, 0 DOWN, 0 DEGRADED, 0 alerts in 3.25s
2026-02-01 22:54:16 | INFO     | scanner | Starting health check on 4 devices
2026-02-01 22:54:16 | INFO     | scanner | Health check on 4 devices
2026-02-01 22:54:19 | INFO     | scanner | Health check complete: 4/4 UP
2026-02-01 22:54:19 | INFO     | scanner | Health check complete: 4 UP, 0 DOWN, 0 DEGRADED, 0 alerts in 3.35s
2026-02-01 22:55:20 | INFO     | scanner | Starting health check on 4 devices
2026-02-01 22:55:20 | INFO     | scanner | Health check on 4 devices
2026-02-01 22:55:23 | INFO     | scanner | Health check complete: 4/4 UP
2026-02-01 22:55:23 | INFO     | scanner | Health check complete: 4 UP, 0 DOWN, 0 DEGRADED, 0 alerts in 3.55s
2026-02-01 22:56:23 | INFO     | scanner | Starting health check on 4 devices
2026-02-01 22:56:23 | INFO     | scanner | Health check on 4 devices
2026-02-01 22:56:26 | INFO     | scanner | Health check complete: 4/4 UP
2026-02-01 22:56:26 | INFO     | scanner | Health check complete: 4 UP, 0 DOWN, 0 DEGRADED, 0 alerts in 3.35s
2026-02-01 22:57:26 | INFO     | scanner | Starting health check on 4 devices
2026-02-01 22:57:26 | INFO     | scanner | Health check on 4 devices
2026-02-01 22:57:30 | INFO     | scanner | Health check complete: 4/4 UP
2026-02-01 22:57:30 | INFO     | scanner | Health check complete: 4 UP, 0 DOWN, 0 DEGRADED, 0 alerts in 3.58s
2026-02-01 22:58:30 | INFO     | scanner | Starting health check on 4 devices
2026-02-01 22:58:30 | INFO     | scanner | Health check on 4 devices
2026-02-01 22:58:33 | INFO     | scanner | Health check complete: 4/4 UP
2026-02-01 22:58:33 | INFO     | scanner | Health check complete: 4 UP, 0 DOWN, 0 DEGRADED, 0 alerts in 3.06s
2026-02-01 22:59:33 | INFO     | scanner | Starting health check on 4 devices
2026-02-01 22:59:33 | INFO     | scanner | Health check on 4 devices
2026-02-01 22:59:36 | INFO     | scanner | Health check complete: 4/4 UP
2026-02-01 22:59:36 | INFO     | scanner | Health check complete: 4 UP, 0 DOWN, 0 DEGRADED, 0 alerts in 3.10s
2026-02-01 23:00:36 | INFO     | scanner | Starting health check on 4 devices
2026-02-01 23:00:36 | INFO     | scanner | Health check on 4 devices
2026-02-01 23:00:41 | INFO     | scanner | Health check complete: 3/4 UP
2026-02-01 23:00:41 | INFO     | scanner | Health check complete: 4 UP, 0 DOWN, 0 DEGRADED, 0 alerts in 5.08s
2026-02-01 23:01:41 | INFO     | scanner | Starting health check on 4 devices
2026-02-01 23:01:41 | INFO     | scanner | Health check on 4 devices
2026-02-01 23:01:45 | INFO     | scanner | Health check complete: 4/4 UP
2026-02-01 23:01:45 | INFO     | scanner | Health check complete: 4 UP, 0 DOWN, 0 DEGRADED, 0 alerts in 3.23s
2026-02-01 23:02:45 | INFO     | scanner | Starting health check on 4 devices
2026-02-01 23:02:45 | INFO     | scanner | Health check on 4 devices
2026-02-01 23:02:48 | INFO     | scanner | Health check complete: 4/4 UP
2026-02-01 23:02:48 | INFO     | scanner | Health check complete: 4 UP, 0 DOWN, 0 DEGRADED, 0 alerts in 3.25s
2026-02-01 23:03:48 | INFO     | scanner | Starting health check on 4 devices
2026-02-01 23:03:48 | INFO     | scanner | Health check on 4 devices
2026-02-01 23:03:51 | INFO     | scanner | Health check complete: 4/4 UP
2026-02-01 23:03:51 | INFO     | scanner | Health check complete: 4 UP, 0 DOWN, 0 DEGRADED, 0 alerts in 3.34s
2026-02-01 23:04:51 | INFO     | scanner | Starting health check on 4 devices
2026-02-01 23:04:51 | INFO     | scanner | Health check on 4 devices
2026-02-01 23:04:54 | INFO     | scanner | Health check complete: 4/4 UP
2026-02-01 23:04:54 | INFO     | scanner | Health check complete: 4 UP, 0 DOWN, 0 DEGRADED, 0 alerts in 3.17s
2026-02-01 23:05:54 | INFO     | scanner | Starting health check on 4 devices
2026-02-01 23:05:54 | INFO     | scanner | Health check on 4 devices
2026-02-01 23:06:01 | INFO     | scanner | Health check complete: 3/4 UP
2026-02-01 23:06:01 | INFO     | scanner | Health check complete: 4 UP, 0 DOWN, 0 DEGRADED, 0 alerts in 6.90s
2026-02-01 23:07:01 | INFO     | scanner | Starting health check on 4 devices
2026-02-01 23:07:01 | INFO     | scanner | Health check on 4 devices
2026-02-01 23:07:05 | INFO     | scanner | Health check complete: 4/4 UP
2026-02-01 23:07:05 | INFO     | scanner | Health check complete: 4 UP, 0 DOWN, 0 DEGRADED, 0 alerts in 3.32s
2026-02-01 23:08:05 | INFO     | scanner | Starting health check on 4 devices
2026-02-01 23:08:05 | INFO     | scanner | Health check on 4 devices
2026-02-01 23:08:09 | INFO     | scanner | Health check complete: 3/4 UP
2026-02-01 23:08:09 | INFO     | scanner | Health check complete: 4 UP, 0 DOWN, 0 DEGRADED, 0 alerts in 4.65s
2026-02-01 23:09:09 | INFO     | scanner | Starting health check on 4 devices
2026-02-01 23:09:09 | INFO     | scanner | Health check on 4 devices
2026-02-01 23:09:13 | INFO     | scanner | Health check complete: 4/4 UP
2026-02-01 23:09:13 | INFO     | scanner | Health check complete: 4 UP, 0 DOWN, 0 DEGRADED, 0 alerts in 3.28s
2026-02-01 23:10:13 | INFO     | scanner | Starting health check on 4 devices
2026-02-01 23:10:13 | INFO     | scanner | Health check on 4 devices
2026-02-01 23:10:16 | INFO     | scanner | Health check complete: 4/4 UP
2026-02-01 23:10:16 | INFO     | scanner | Health check complete: 4 UP, 0 DOWN, 0 DEGRADED, 0 alerts in 3.09s
2026-02-01 23:11:16 | INFO     | scanner | Starting health check on 4 devices
2026-02-01 23:11:16 | INFO     | scanner | Health check on 4 devices
2026-02-01 23:11:19 | INFO     | scanner | Health check complete: 4/4 UP
2026-02-01 23:11:19 | INFO     | scanner | Health check complete: 4 UP, 0 DOWN, 0 DEGRADED, 0 alerts in 3.24s
2026-02-01 23:12:19 | INFO     | scanner | Starting health check on 4 devices
2026-02-01 23:12:19 | INFO     | scanner | Health check on 4 devices
2026-02-01 23:12:24 | INFO     | scanner | Health check complete: 3/4 UP
2026-02-01 23:12:24 | INFO     | scanner | Health check complete: 4 UP, 0 DOWN, 0 DEGRADED, 0 alerts in 4.74s
2026-02-01 23:13:24 | INFO     | scanner | Starting health check on 4 devices
2026-02-01 23:13:24 | INFO     | scanner | Health check on 4 devices
2026-02-01 23:13:27 | INFO     | scanner | Health check complete: 4/4 UP
2026-02-01 23:13:27 | INFO     | scanner | Health check complete: 4 UP, 0 DOWN, 0 DEGRADED, 0 alerts in 3.32s
2026-02-01 23:14:27 | INFO     | scanner | Starting health check on 4 devices
2026-02-01 23:14:27 | INFO     | scanner | Health check on 4 devices
2026-02-01 23:14:31 | INFO     | scanner | Health check complete: 4/4 UP
2026-02-01 23:14:31 | INFO     | scanner | Health check complete: 4 UP, 0 DOWN, 0 DEGRADED, 0 alerts in 3.34s
2026-02-01 23:26:17 | WARNING  | scanner | pysnmp not available - SNMP polling disabled
2026-02-01 23:26:17 | WARNING  | scanner | SNMPPoller initialized but pysnmp is not installed
2026-02-01 23:27:04 | WARNING  | scanner | pysnmp not available - SNMP polling disabled
2026-02-01 23:27:04 | WARNING  | scanner | SNMPPoller initialized but pysnmp is not installed
2026-02-01 23:27:28 | WARNING  | scanner | pysnmp not available - SNMP polling disabled
2026-02-01 23:27:28 | WARNING  | scanner | SNMPPoller initialized but pysnmp is not installed
2026-02-01 23:28:23 | WARNING  | scanner | pysnmp not available - SNMP polling disabled
2026-02-01 23:28:23 | WARNING  | scanner | SNMPPoller initialized but pysnmp is not installed
2026-02-01 23:29:42 | WARNING  | scanner | pysnmp not available - SNMP polling disabled
2026-02-01 23:29:42 | WARNING  | scanner | SNMPPoller initialized but pysnmp is not installed
2026-02-01 23:30:32 | WARNING  | scanner | pysnmp not available - SNMP polling disabled
2026-02-01 23:30:32 | WARNING  | scanner | SNMPPoller initialized but pysnmp is not installed
2026-02-01 23:43:58 | WARNING  | scanner | pysnmp not available - SNMP polling disabled
2026-02-01 23:43:58 | WARNING  | scanner | SNMPPoller initialized but pysnmp is not installed
2026-02-01 23:44:42 | WARNING  | scanner | pysnmp not available - SNMP polling disabled
2026-02-01 23:44:42 | WARNING  | scanner | SNMPPoller initialized but pysnmp is not installed
2026-02-01 23:45:01 | WARNING  | scanner | pysnmp not available - SNMP polling disabled
2026-02-01 23:45:01 | WARNING  | scanner | SNMPPoller initialized but pysnmp is not installed
2026-02-01 23:47:45 | WARNING  | scanner | pysnmp not available - SNMP polling disabled
2026-02-01 23:47:45 | WARNING  | scanner | SNMPPoller initialized but pysnmp is not installed
2026-02-02 00:06:09 | WARNING  | scanner | pysnmp not available - SNMP polling disabled
2026-02-02 00:06:09 | WARNING  | scanner | SNMPPoller initialized but pysnmp is not installed
2026-02-02 00:14:39 | WARNING  | scanner | pysnmp not available - SNMP polling disabled
2026-02-02 00:14:39 | WARNING  | scanner | SNMPPoller initialized but pysnmp is not installed
2026-02-02 00:16:23 | INFO     | scanner | Starting scan of 192.168.1.0/28 (14 hosts)
2026-02-02 00:16:34 | INFO     | scanner | Scan complete: 4/14 hosts reachable in 10.98s
2026-02-02 00:16:39 | INFO     | scanner | Starting health check on 4 devices
2026-02-02 00:16:39 | INFO     | scanner | Health check on 4 devices
2026-02-02 00:16:43 | INFO     | scanner | Health check complete: 4/4 UP
2026-02-02 00:16:43 | INFO     | scanner | Health check complete: 4 UP, 0 DOWN, 0 DEGRADED, 1 alerts in 3.45s
2026-02-02 00:17:43 | INFO     | scanner | Starting health check on 4 devices
2026-02-02 00:17:43 | INFO     | scanner | Health check on 4 devices
2026-02-02 00:17:48 | INFO     | scanner | Health check complete: 3/4 UP
2026-02-02 00:17:48 | INFO     | scanner | Health check complete: 4 UP, 0 DOWN, 0 DEGRADED, 0 alerts in 5.32s
2026-02-02 00:18:48 | INFO     | scanner | Starting health check on 4 devices
2026-02-02 00:18:48 | INFO     | scanner | Health check on 4 devices
2026-02-02 00:18:52 | INFO     | scanner | Health check complete: 4/4 UP
2026-02-02 00:18:52 | INFO     | scanner | Health check complete: 4 UP, 0 DOWN, 0 DEGRADED, 0 alerts in 3.54s
2026-02-02 00:19:52 | INFO     | scanner | Starting health check on 4 devices
2026-02-02 00:19:52 | INFO     | scanner | Health check on 4 devices
2026-02-02 00:19:55 | INFO     | scanner | Health check complete: 4/4 UP
2026-02-02 00:19:55 | INFO     | scanner | Health check complete: 4 UP, 0 DOWN, 0 DEGRADED, 0 alerts in 3.57s
2026-02-02 00:20:55 | INFO     | scanner | Starting health check on 4 devices
2026-02-02 00:20:55 | INFO     | scanner | Health check on 4 devices
2026-02-02 00:20:59 | INFO     | scanner | Health check complete: 4/4 UP
2026-02-02 00:20:59 | INFO     | scanner | Health check complete: 4 UP, 0 DOWN, 0 DEGRADED, 0 alerts in 3.49s
2026-02-02 00:21:59 | INFO     | scanner | Starting health check on 4 devices
2026-02-02 00:21:59 | INFO     | scanner | Health check on 4 devices
2026-02-02 00:22:02 | INFO     | scanner | Health check complete: 4/4 UP
2026-02-02 00:22:02 | INFO     | scanner | Health check complete: 4 UP, 0 DOWN, 0 DEGRADED, 0 alerts in 3.57s
2026-02-02 00:22:18 | INFO     | scanner | Discovered 192.168.1.6: MAC=None, Vendor=None, OS=Windows, Ports=4
2026-02-02 00:23:02 | INFO     | scanner | Starting health check on 4 devices
2026-02-02 00:23:02 | INFO     | scanner | Health check on 4 devices
2026-02-02 00:23:05 | INFO     | scanner | Health check complete: 4/4 UP
2026-02-02 00:23:06 | INFO     | scanner | Health check complete: 4 UP, 0 DOWN, 0 DEGRADED, 0 alerts in 3.15s
2026-02-02 00:24:06 | INFO     | scanner | Starting health check on 4 devices
2026-02-02 00:24:06 | INFO     | scanner | Health check on 4 devices
2026-02-02 00:24:09 | INFO     | scanner | Health check complete: 4/4 UP
2026-02-02 00:24:09 | INFO     | scanner | Health check complete: 4 UP, 0 DOWN, 0 DEGRADED, 0 alerts in 3.27s
2026-02-02 00:25:01 | WARNING  | scanner | pysnmp not available - SNMP polling disabled
2026-02-02 00:25:01 | WARNING  | scanner | SNMPPoller initialized but pysnmp is not installed
2026-02-02 00:25:01 | INFO     | scanner | Starting health check on 4 devices
2026-02-02 00:25:01 | INFO     | scanner | Health check on 4 devices
2026-02-02 00:25:04 | INFO     | scanner | Health check complete: 4/4 UP
2026-02-02 00:25:04 | INFO     | scanner | Health check complete: 4 UP, 0 DOWN, 0 DEGRADED, 0 alerts in 3.36s
2026-02-02 00:25:38 | WARNING  | scanner | pysnmp not available - SNMP polling disabled
2026-02-02 00:25:38 | WARNING  | scanner | SNMPPoller initialized but pysnmp is not installed
2026-02-02 00:25:38 | INFO     | scanner | Starting health check on 4 devices
2026-02-02 00:25:38 | INFO     | scanner | Health check on 4 devices
2026-02-02 00:25:41 | INFO     | scanner | Health check complete: 4/4 UP
2026-02-02 00:25:41 | INFO     | scanner | Health check complete: 4 UP, 0 DOWN, 0 DEGRADED, 0 alerts in 3.26s
2026-02-02 00:26:29 | WARNING  | scanner | pysnmp not available - SNMP polling disabled
2026-02-02 00:26:29 | WARNING  | scanner | SNMPPoller initialized but pysnmp is not installed
2026-02-02 00:26:29 | INFO     | scanner | Starting health check on 4 devices
2026-02-02 00:26:29 | INFO     | scanner | Health check on 4 devices
2026-02-02 00:26:33 | INFO     | scanner | Health check complete: 4/4 UP
2026-02-02 00:26:33 | INFO     | scanner | Health check complete: 4 UP, 0 DOWN, 0 DEGRADED, 0 alerts in 3.38s
2026-02-02 00:27:33 | INFO     | scanner | Starting health check on 4 devices
2026-02-02 00:27:33 | INFO     | scanner | Health check on 4 devices
2026-02-02 00:27:36 | INFO     | scanner | Health check complete: 4/4 UP
2026-02-02 00:27:36 | INFO     | scanner | Health check complete: 4 UP, 0 DOWN, 0 DEGRADED, 0 alerts in 3.36s
2026-02-02 00:28:36 | INFO     | scanner | Starting health check on 4 devices
2026-02-02 00:28:36 | INFO     | scanner | Health check on 4 devices
2026-02-02 00:28:40 | INFO     | scanner | Health check complete: 4/4 UP
2026-02-02 00:28:40 | INFO     | scanner | Health check complete: 4 UP, 0 DOWN, 0 DEGRADED, 0 alerts in 3.29s
2026-02-02 00:28:43 | INFO     | scanner | Discovered 192.168.1.2: MAC=None, Vendor=None, OS=Android, Ports=0
2026-02-02 00:29:40 | INFO     | scanner | Starting health check on 4 devices
2026-02-02 00:29:40 | INFO     | scanner | Health check on 4 devices
2026-02-02 00:29:43 | INFO     | scanner | Health check complete: 4/4 UP
2026-02-02 00:29:43 | INFO     | scanner | Health check complete: 4 UP, 0 DOWN, 0 DEGRADED, 0 alerts in 3.24s
2026-02-02 00:30:43 | INFO     | scanner | Starting health check on 4 devices
2026-02-02 00:30:43 | INFO     | scanner | Health check on 4 devices
2026-02-02 00:30:46 | INFO     | scanner | Health check complete: 4/4 UP
2026-02-02 00:30:46 | INFO     | scanner | Health check complete: 4 UP, 0 DOWN, 0 DEGRADED, 0 alerts in 3.36s
2026-02-02 00:31:46 | INFO     | scanner | Starting health check on 4 devices
2026-02-02 00:31:46 | INFO     | scanner | Health check on 4 devices
2026-02-02 00:31:50 | INFO     | scanner | Health check complete: 4/4 UP
2026-02-02 00:31:50 | INFO     | scanner | Health check complete: 4 UP, 0 DOWN, 0 DEGRADED, 0 alerts in 3.48s
2026-02-02 00:32:50 | INFO     | scanner | Starting health check on 4 devices
2026-02-02 00:32:50 | INFO     | scanner | Health check on 4 devices
2026-02-02 00:32:53 | INFO     | scanner | Health check complete: 4/4 UP
2026-02-02 00:32:53 | INFO     | scanner | Health check complete: 4 UP, 0 DOWN, 0 DEGRADED, 0 alerts in 3.58s
2026-02-02 00:33:53 | INFO     | scanner | Starting health check on 4 devices
2026-02-02 00:33:53 | INFO     | scanner | Health check on 4 devices
2026-02-02 00:33:57 | INFO     | scanner | Health check complete: 4/4 UP
2026-02-02 00:33:57 | INFO     | scanner | Health check complete: 4 UP, 0 DOWN, 0 DEGRADED, 0 alerts in 3.26s
2026-02-02 00:34:57 | INFO     | scanner | Starting health check on 4 devices
2026-02-02 00:34:57 | INFO     | scanner | Health check on 4 devices
2026-02-02 00:35:00 | INFO     | scanner | Health check complete: 4/4 UP
2026-02-02 00:35:00 | INFO     | scanner | Health check complete: 4 UP, 0 DOWN, 0 DEGRADED, 0 alerts in 3.59s
2026-02-02 00:36:00 | INFO     | scanner | Starting health check on 4 devices
2026-02-02 00:36:00 | INFO     | scanner | Health check on 4 devices
2026-02-02 00:36:04 | INFO     | scanner | Health check complete: 4/4 UP
2026-02-02 00:36:04 | INFO     | scanner | Health check complete: 4 UP, 0 DOWN, 0 DEGRADED, 0 alerts in 3.46s
2026-02-02 00:37:04 | INFO     | scanner | Starting health check on 4 devices
2026-02-02 00:37:04 | INFO     | scanner | Health check on 4 devices
2026-02-02 00:37:07 | INFO     | scanner | Health check complete: 4/4 UP
2026-02-02 00:37:07 | INFO     | scanner | Health check complete: 4 UP, 0 DOWN, 0 DEGRADED, 0 alerts in 3.48s
2026-02-02 00:38:07 | INFO     | scanner | Starting health check on 4 devices
2026-02-02 00:38:07 | INFO     | scanner | Health check on 4 devices
2026-02-02 00:38:12 | INFO     | scanner | Health check complete: 3/4 UP
2026-02-02 00:38:12 | INFO     | scanner | Health check complete: 4 UP, 0 DOWN, 0 DEGRADED, 0 alerts in 4.81s
